all_name,all_price,all_url,all_prod_img
Vitalite dairy free cheese alternative block,£2,https://www.ocado.com/products/vitalite-dairy-free-cheese-alternative-block-530036011,/productImages/530/530036011_0_150x150.jpg?identifier=1196874c300048d0bb5f1c8dce5cf06a
THIS Isn't Pork Plant-Based Sausages,£2.50,https://www.ocado.com/products/this-isn-t-pork-plant-based-sausages-574482011,/productImages/574/574482011_0_150x150.jpg?identifier=49eab6d49a7aac69d24daaffbfdef59d
Meatless Farm Plant-Based Burgers x2,£2.25,https://www.ocado.com/products/meatless-farm-plant-based-burgers-x2-516700011,/productImages/516/516700011_0_150x150.jpg?identifier=a713e7c73b35db2bede675fa87e3734b
St Pierre Pain Au Choc,£2,https://www.ocado.com/products/st-pierre-pain-au-choc-577126011,/productImages/577/577126011_0_150x150.jpg?identifier=f6033fb1be3aca9ca8411305050026be
La Boulangere Vegan Pain au Chocolat,£2.85,https://www.ocado.com/products/la-boulangere-vegan-pain-au-chocolat-452779011,/productImages/452/452779011_0_150x150.jpg?identifier=c1305fabf5a78b4b176020eff202d29d
Protein World Vegan Salted Caramel Slender Blend,£22.50,https://www.ocado.com/products/protein-world-vegan-salted-caramel-slender-blend-587217011,/productImages/587/587217011_0_150x150.jpg?identifier=40f0fe74a1a77707d57295c30488b30e
Protein World Vegan Chocolate Slender Blend,£22.50,https://www.ocado.com/products/protein-world-vegan-chocolate-slender-blend-587219011,/productImages/587/587219011_0_150x150.jpg?identifier=df66b1eeb02877736c06908d18f192c9
Nuzest Kids Good Stuff Vanilla Carame…,£15,https://www.ocado.com/products/nuzest-kids-good-stuff-vanilla-caramel-multinutrient-smoothie-mix-547298011,/productImages/547/547298011_0_150x150.jpg?identifier=43d5d809c8ea5e823a637d96b5597b24
Mighty Human Chocolate Vegan Protein Powder,£18.75,https://www.ocado.com/products/mighty-human-chocolate-vegan-protein-powder-570731011,/productImages/570/570731011_0_150x150.jpg?identifier=dd1ac52e66fe8440a7ce59413c09504a
Raw Bake Station Vanilla Choc Chip Crookies,£14.87,https://www.ocado.com/products/raw-bake-station-vanilla-choc-chip-crookies-566642011,/productImages/566/566642011_0_150x150.jpg?identifier=f8538ccd0f4027df96e5f5fa046e6d35
Phizz Apple & Blackcurrant 2-in-1 Multi…,£20,https://www.ocado.com/products/phizz-apple-blackcurrant-2-in-1-multivitamin-hydration-tablets-562210011,/productImages/562/562210011_0_150x150.jpg?identifier=ad3d7660710fef3862ff45d2c4972746
Mr Organic Chopped Organic Italian Tomatoes,£4.64,https://www.ocado.com/products/mr-organic-chopped-organic-italian-tomatoes-418139011,/productImages/418/418139011_0_150x150.jpg?identifier=1d7545438fb37612e8a8f8501a608b3e
Yutaka Chinese Cabbage & Tofu Gyoza 20pc,£4,https://www.ocado.com/products/yutaka-chinese-cabbage-tofu-gyoza-20pc-551981011,/productImages/551/551981011_0_150x150.jpg?identifier=98dc27b404214668a2098de0059204d6
OGGS Mini Cupcakes,£3.16,https://www.ocado.com/products/oggs-mini-cupcakes-548935011,/productImages/548/548935011_0_150x150.jpg?identifier=d7ac8eacfcc135b87735e73f3e95624d
Phizz Orange Multivitamin & Rehydration Ele…,£8,https://www.ocado.com/products/phizz-orange-multivitamin-rehydration-electrolyte-effervescent-tablets-306908011,/productImages/306/306908011_0_150x150.jpg?identifier=35a90ccb5de1c527ae9770c795bdafb4
Mr Organic Porcini Mushroom Tortellini,£3.24,https://www.ocado.com/products/mr-organic-porcini-mushroom-tortellini-450762011,/productImages/450/450762011_0_150x150.jpg?identifier=6d630ab866b0319a3285edcfdcd0a6ca
Bio Orto Organic Sundried Tomatoes…,£6.66,https://www.ocado.com/products/bio-orto-organic-sundried-tomatoes-in-extra-virgin-olive-oil-469178011,/productImages/469/469178011_0_150x150.jpg?identifier=eb98aaa50083c1a8b625eeb66a0d5f30
Heinz Baked Beanz,£5,https://www.ocado.com/products/heinz-baked-beanz-50347011,/productImages/503/50347011_0_150x150.jpg?identifier=096c8ee047d9898637bc98a5a9a41038
Belazu Vegan Basil Pesto,£2.95,https://www.ocado.com/products/belazu-vegan-basil-pesto-578678011,/productImages/578/578678011_0_150x150.jpg?identifier=d8ea6598448c30ba47c244bd5d95fedb
Bonsan Organic Vegan Cashew Bell Pepper Pate,£2,https://www.ocado.com/products/bonsan-organic-vegan-cashew-bell-pepper-pate-448097011,/productImages/448/448097011_0_150x150.jpg?identifier=ecd69dd0d295013a2b43b91b45a58951
Solgar Multivitamin Formula VM-75 Tablets,£11.75,https://www.ocado.com/products/solgar-multivitamin-formula-vm-75-tablets-425592011,/productImages/425/425592011_0_150x150.jpg?identifier=d3c4972080b84f62191c9c28e8231d0e
Bonsan Organic Vegan Worcester Sauce,£3.12,https://www.ocado.com/products/bonsan-organic-vegan-worcester-sauce-481750011,/productImages/481/481750011_0_150x150.jpg?identifier=3ae9d60e0cc7bf1b5bad5cd011258684
Naturya Organic Chocolate Chia+ Pudding,£3.75,https://www.ocado.com/products/naturya-organic-chocolate-chia-pudding-570708011,/productImages/570/570708011_0_150x150.jpg?identifier=36ef8fd1cfff775e31f6be331200de0e
Coconut Merchant Organic Coconut Sugar,£3.82,https://www.ocado.com/products/coconut-merchant-organic-coconut-sugar-371030011,/productImages/371/371030011_0_150x150.jpg?identifier=da5abcbf6ff2edba0e1e57e54826b3ae
Meridian Smooth Peanut Butter 100% Nuts,£3,https://www.ocado.com/products/meridian-smooth-peanut-butter-100-nuts-498014011,/productImages/498/498014011_0_150x150.jpg?identifier=ac62db093426cedd2d1ef36fb6661b52
Bio Orto Organic Tomato Passata,£3.82,https://www.ocado.com/products/bio-orto-organic-tomato-passata-469173011,/productImages/469/469173011_0_150x150.jpg?identifier=c0638cade4b291f2856d7d808be45c53
Mr Organic Vegetable Tortellini,£3.24,https://www.ocado.com/products/mr-organic-vegetable-tortellini-450760011,/productImages/450/450760011_0_150x150.jpg?identifier=22c20d59e214ef09841fc9fc709090f9
Meridian Smooth Palm Oil Free T…,£2.50,https://www.ocado.com/products/meridian-smooth-palm-oil-free-toffee-apple-almond-butter-563854011,/productImages/563/563854011_0_150x150.jpg?identifier=6849048daaf9c2ec00cc97562a7ac7ed
Meridian Crunchy Peanut Butter 100% Nuts,£3,https://www.ocado.com/products/meridian-crunchy-peanut-butter-100-nuts-498013011,/productImages/498/498013011_0_150x150.jpg?identifier=58c212bb1e060ff36b9c9c39fa6222c5
"Phizz Apple & Blackcurrant Hydration, Energy…",£8,https://www.ocado.com/products/phizz-apple-blackcurrant-hydration-energy-vitamin-tablets-20-tablets-464685011,/productImages/464/464685011_0_150x150.jpg?identifier=7079690039da7d31cffd820b35bf2a0b
OGGS Millionaire Bites,£1.80,https://www.ocado.com/products/oggs-millionaire-bites-548936011,/productImages/548/548936011_0_150x150.jpg?identifier=c325b1fd56a6fdb0c7a21024ccd7cecb
OGGS Brownie Bites,£1.80,https://www.ocado.com/products/oggs-brownie-bites-548937011,/productImages/548/548937011_0_150x150.jpg?identifier=bb03b26f4e0a84c1bcaef98216122923
Profusion Organic Red Lentil Spaghetti,£3.35,https://www.ocado.com/products/profusion-organic-red-lentil-spaghetti-448932011,/productImages/448/448932011_0_150x150.jpg?identifier=3fdb0f5e5a7917b97bc58051c74498a7
Mr Organic Chickpea Protein Rice,£3.14,https://www.ocado.com/products/mr-organic-chickpea-protein-rice-482388011,/productImages/482/482388011_0_150x150.jpg?identifier=8c21463b6a41c010f97143c83884809a
Meridian Smooth Palm Oil Free B…,£2.50,https://www.ocado.com/products/meridian-smooth-palm-oil-free-banoffee-pie-almond-butter-563855011,/productImages/563/563855011_0_150x150.jpg?identifier=6f79b0f96f66252862457e55d7e50c3b
Heinz Beanz No Added Sugar,£5,https://www.ocado.com/products/heinz-beanz-no-added-sugar-366615011,/productImages/366/366615011_0_150x150.jpg?identifier=0698dfba42c52c11d850491b630998ec
Naturya Organic Overnight Break…,£3.75,https://www.ocado.com/products/naturya-organic-overnight-breakfast-oats-coconana-chia-570714011,/productImages/570/570714011_0_150x150.jpg?identifier=d0cbf339d14e0377f591f6d3d00cc4be
Simply Green Sweet Chilli Veggie Burger Mix Gluten Free,£2,https://www.ocado.com/products/simply-green-sweet-chilli-veggie-burger-mix-gluten-free-550827011,/productImages/550/550827011_0_150x150.jpg?identifier=e8522c1067e07688c1f3f28fab440b7d
Garofalo Rigatoni Pasta,£1.75,https://www.ocado.com/products/garofalo-rigatoni-pasta-50442011,/productImages/504/50442011_0_150x150.jpg?identifier=8fe26b17dc4501d59e70c73d8baecd07
Mr Organic Basilico Pasta Sauce,£2.21,https://www.ocado.com/products/mr-organic-basilico-pasta-sauce-73543011,/productImages/735/73543011_0_150x150.jpg?identifier=482e5ad14a93d19101808a45fa45bb18
Mr Organic Dark Chocolate & Hazelnut Spread,£4.08,https://www.ocado.com/products/mr-organic-dark-chocolate-hazelnut-spread-319580011,/productImages/319/319580011_0_150x150.jpg?identifier=01452bd23f528e5bd54c73bb3464a32a
Tracklements Caramelised Onion Marmalade,£3.20,https://www.ocado.com/products/tracklements-caramelised-onion-marmalade-45211011,/productImages/452/45211011_0_150x150.jpg?identifier=b6b1d1236b068e11195db19be9d30b6d
Bonsan Organic Vegan Beetroot Horseradish Pate,£2,https://www.ocado.com/products/bonsan-organic-vegan-beetroot-horseradish-pate-448098011,/productImages/448/448098011_0_150x150.jpg?identifier=e44f263cbd11bc1a96a5ecc03085b548
Le Conserve Della Nonna Vegan Red Pesto,£1.80,https://www.ocado.com/products/le-conserve-della-nonna-vegan-red-pesto-289821011,/productImages/289/289821011_0_150x150.jpg?identifier=f985c3f33e892e2e8492e8fafba26403
TRIBE Triple Decker Vegan Honeycomb Veg…,£4.40,https://www.ocado.com/products/tribe-triple-decker-vegan-honeycomb-vegan-gluten-dairy-free-bar-574502011,/productImages/574/574502011_0_150x150.jpg?identifier=5b1218ef3d228a4e538cd4a83118ad01
Garofalo Cappelletti Pasta,£1.75,https://www.ocado.com/products/garofalo-cappelletti-pasta-450230011,/productImages/450/450230011_0_150x150.jpg?identifier=bbbad57f4312f919d0711cd8c8203fdd
Lizi's Original Granola,£3,https://www.ocado.com/products/lizi-s-original-granola-424890011,/productImages/424/424890011_0_150x150.jpg?identifier=a6d1ab396982848a9f8572c50618d812
Bio&Me Gluten Free Gut-Loving Seed & Nut Granola,£2,https://www.ocado.com/products/bio-me-gluten-free-gut-loving-seed-nut-granola-575871011,/productImages/575/575871011_0_150x150.jpg?identifier=3569bccc862982fe1e35f4980ab9fb82
Sacla' Vegan White Sauce,£2.25,https://www.ocado.com/products/sacla-vegan-white-sauce-490838011,/productImages/490/490838011_0_150x150.jpg?identifier=84cb227a8a65dc9b830d55e1904a97c2
Purdey's Natural Energy Rejuvenate Grape & Apple,£3.50,https://www.ocado.com/products/purdey-s-natural-energy-rejuvenate-grape-apple-357914011,/productImages/357/357914011_0_150x150.jpg?identifier=67126820d586ff83dd9bd2a0d677a72a
Garofalo Farfalle Pasta,£1.75,https://www.ocado.com/products/garofalo-farfalle-pasta-50459011,/productImages/504/50459011_0_150x150.jpg?identifier=51dece3a24f1430550994626ef30e04d
Garofalo Ruote Pasta,£1.75,https://www.ocado.com/products/garofalo-ruote-pasta-50433011,/productImages/504/50433011_0_150x150.jpg?identifier=a91542252d13445d89955c425f40467f
Garofalo Gemelli Pasta,£1.75,https://www.ocado.com/products/garofalo-gemelli-pasta-69259011,/productImages/692/69259011_0_150x150.jpg?identifier=3b5a83f8c751f9d9b3a532b92bf7ce7e
JimJams Vegan No Added Sugar Salted…,£2,https://www.ocado.com/products/jimjams-vegan-no-added-sugar-salted-caramel-chocolate-spread-578382011,/productImages/578/578382011_0_150x150.jpg?identifier=30ad5705352d7a66a41a4816bb95b2f9
Heinz Baked Beanz in Tomato Sauce,£3.50,https://www.ocado.com/products/heinz-baked-beanz-in-tomato-sauce-12282011,/productImages/122/12282011_0_150x150.jpg?identifier=677c0c2f5e07f79ced6a7f4bb7d2bb8a
Mr Organic Arrabbiata Healthier Choice Pasta Sauce,£2.21,https://www.ocado.com/products/mr-organic-arrabbiata-healthier-choice-pasta-sauce-73559011,/productImages/735/73559011_0_150x150.jpg?identifier=99521394a5197d187cf1e26250175fce
Sacla' Vegan Bolognese Sauce,£2.25,https://www.ocado.com/products/sacla-vegan-bolognese-sauce-490837011,/productImages/490/490837011_0_150x150.jpg?identifier=ea7fa4dae08819560d5144481549733f
Bio&Me Cocoa & Hazelnut Gut-Loving Prebiotic Granola,£2,https://www.ocado.com/products/bio-me-cocoa-hazelnut-gut-loving-prebiotic-granola-575872011,/productImages/575/575872011_0_150x150.jpg?identifier=6b63af04aaf463e388134e3bd6116601
The Vurger Co Smoky Bacon Vegan Mayo,£2,https://www.ocado.com/products/the-vurger-co-smoky-bacon-vegan-mayo-569304011,/productImages/569/569304011_0_150x150.jpg?identifier=cf4aa3d3efdc2650669e292f1a5489af
Twinings Superblends Digest with Sp…,£2.33,https://www.ocado.com/products/twinings-superblends-digest-with-spearmint-apple-and-rooibos-442847011,/productImages/442/442847011_0_150x150.jpg?identifier=3fb8cc89f041e6b33885a56189627934
"Bio&Me Granola Low Sugar, Naturally Gut-Loving Prebiotic",£2,https://www.ocado.com/products/bio-me-granola-low-sugar-naturally-gut-loving-prebiotic-560278011,/productImages/560/560278011_0_150x150.jpg?identifier=c5917ddd4f2dcbfcec2a2dc97d554966
The Cherry Tree Mango & Ginger with T…,£4.60,https://www.ocado.com/products/the-cherry-tree-mango-ginger-with-toasted-cumin-seeds-chutney-493947011,/productImages/493/493947011_0_150x150.jpg?identifier=cf88f2d774ef0b20f67b19303e5de75c
The Cherry Tree Hot Garlic Pickle,£4.60,https://www.ocado.com/products/the-cherry-tree-hot-garlic-pickle-493954011,/productImages/493/493954011_0_150x150.jpg?identifier=1960c704015392ed88d922597550ecd1
Bonsan Organic Vegan Hot & Fiery Chilli Sauce,£2.88,https://www.ocado.com/products/bonsan-organic-vegan-hot-fiery-chilli-sauce-481747011,/productImages/481/481747011_0_150x150.jpg?identifier=038f7b9d5bca42b40b924d91c12c9870
"Mindful Chef Pecan, Coconut and Chia Granola",£3.65,https://www.ocado.com/products/mindful-chef-pecan-coconut-and-chia-granola-577052011,/productImages/577/577052011_0_150x150.jpg?identifier=4d26d1219e88df07c21aaead8d1a4eeb
Sweetpea Pantry Gluten Free Pancake Mix w…,£2.20,https://www.ocado.com/products/sweetpea-pantry-gluten-free-pancake-mix-with-buckwheat-flax-quinoa-226956011,/productImages/226/226956011_0_150x150.jpg?identifier=8b12b06fe461fcb8c3f24c0b352b4239
Blue Dragon Satay Noodle Kit,£3.40,https://www.ocado.com/products/blue-dragon-satay-noodle-kit-538529011,/productImages/538/538529011_0_150x150.jpg?identifier=f1ea29f9ebb01220482d0510617e9ad0
Garofalo Orzo Pasta,£1.87,https://www.ocado.com/products/garofalo-orzo-pasta-50441011,/productImages/504/50441011_0_150x150.jpg?identifier=4381628d788e22c1bf4fe86cb5ed3a3d
Inspired Vegan Horseradish Sauce,£2,https://www.ocado.com/products/inspired-vegan-horseradish-sauce-476790011,/productImages/476/476790011_0_150x150.jpg?identifier=48275cded89647c59a441b540bf976c1
Twinings Superblends Calm with Sp…,£2.33,https://www.ocado.com/products/twinings-superblends-calm-with-spiced-camomile-and-vanilla-442849011,/productImages/442/442849011_0_150x150.jpg?identifier=7ccdc70d9ad6eda1088707b5614480df
Patak's Plant Based Korma Lentil Curry Sauce,£2.35,https://www.ocado.com/products/patak-s-plant-based-korma-lentil-curry-sauce-575046011,/productImages/575/575046011_0_150x150.jpg?identifier=681c50bb384898c3a82982d2a66c1749
Bio&Me Granola Super Seedy & Nutty Gut-Loving Prebiotic,£2,https://www.ocado.com/products/bio-me-granola-super-seedy-nutty-gut-loving-prebiotic-560277011,/productImages/560/560277011_0_150x150.jpg?identifier=47fe10fb72814dbf95a912aa4b2e5d8e
Coconut Merchant Organic Coconut Flour,£3.40,https://www.ocado.com/products/coconut-merchant-organic-coconut-flour-371029011,/productImages/371/371029011_0_150x150.jpg?identifier=9ce3f4e62068cc423def39c2a1a3c600
Green Origins Organic Turmeric Powder,£5,https://www.ocado.com/products/green-origins-organic-turmeric-powder-545949011,/productImages/545/545949011_0_150x150.jpg?identifier=5fc2db9f18fa3210c561d95eab9be89c
Doisy & Dam Ballers,£1.25,https://www.ocado.com/products/doisy-dam-ballers-511284011,/productImages/511/511284011_0_150x150.jpg?identifier=fb55d3a26b8cea065d3065b5bccb0870
Doisy & Dam D&Ds,£1.25,https://www.ocado.com/products/doisy-dam-d-ds-511282011,/productImages/511/511282011_0_150x150.jpg?identifier=846e4a4439c99d43c436f023f015948b
GROUNDED Mint Chocolate Plant-Protein Shake,£2.80,https://www.ocado.com/products/grounded-mint-chocolate-plant-protein-shake-562820011,/productImages/562/562820011_0_150x150.jpg?identifier=35257acffd2cbc4f2fe830cf63cb94ad
Dorset Cereals Simply Nutty Muesli,£3.40,https://www.ocado.com/products/dorset-cereals-simply-nutty-muesli-494431011,/productImages/494/494431011_0_150x150.jpg?identifier=7792241b2bcf790db12fd91b8931b2a0
Dorset Cereals Simply Fruity Muesli,£3.40,https://www.ocado.com/products/dorset-cereals-simply-fruity-muesli-494430011,/productImages/494/494430011_0_150x150.jpg?identifier=74901393060379974be51451c5a25855
Lizi's Mango Macadamia Granola,£3,https://www.ocado.com/products/lizi-s-mango-macadamia-granola-424889011,/productImages/424/424889011_0_150x150.jpg?identifier=1a5b868b360e8fc273f9914f8edb4f3a
The Cherry Tree Spicy Tomato And…,£4.60,https://www.ocado.com/products/the-cherry-tree-spicy-tomato-and-caramelised-onion-chutney-493951011,/productImages/493/493951011_0_150x150.jpg?identifier=e5528c2c4a2acfe892b8906f5824306e
"The Cherry Tree Strawberry, Rhubarb & Vanilla Jam",£4.60,https://www.ocado.com/products/the-cherry-tree-strawberry-rhubarb-vanilla-jam-493950011,/productImages/493/493950011_0_150x150.jpg?identifier=bc559f595ff38edbabcd87619c258fef
Heinz Vegan Mayo Garlic Aioli,£1.50,https://www.ocado.com/products/heinz-vegan-mayo-garlic-aioli-546385011,/productImages/546/546385011_0_150x150.jpg?identifier=58500f215626dd010f00dd90dd8d47f0
Inspired Vegan Hollandaise Style Sauce,£2,https://www.ocado.com/products/inspired-vegan-hollandaise-style-sauce-476788011,/productImages/476/476788011_0_150x150.jpg?identifier=1078cf7087774bad66ec9eefa9b0b751
Garofalo Radiatori Pasta,£1.75,https://www.ocado.com/products/garofalo-radiatori-pasta-50439011,/productImages/504/50439011_0_150x150.jpg?identifier=9ca8300e5294b88caaef059e1c154e10
Rude Health Chocolate Crunch Granola,£3.50,https://www.ocado.com/products/rude-health-chocolate-crunch-granola-565183011,/productImages/565/565183011_0_150x150.jpg?identifier=d23edae0053b59c65ca0e68905c0d5ef
Eat Water Slim Noodles Thai Style,£2.12,https://www.ocado.com/products/eat-water-slim-noodles-thai-style-473343011,/productImages/473/473343011_0_150x150.jpg?identifier=e7796e3be7fc7bdf4051376c93aa3922
Doisy & Dam Buttons,£1.25,https://www.ocado.com/products/doisy-dam-buttons-511283011,/productImages/511/511283011_0_150x150.jpg?identifier=3395d47a71f435a217a932725d8e46f6
BEAR Alphabites Multigrain Cereal,£2.90,https://www.ocado.com/products/bear-alphabites-multigrain-cereal-200812011,/productImages/200/200812011_0_150x150.jpg?identifier=28ddf2155f775ee7da588cddefc1e6bd
Deliciously Ella Mixed Nut Chocolate,£3.05,https://www.ocado.com/products/deliciously-ella-mixed-nut-chocolate-556729011,/productImages/556/556729011_0_150x150.jpg?identifier=a27b996c4b289cb36a6d078012ebc599
Heinz Vegan Salad Cream,£2.50,https://www.ocado.com/products/heinz-vegan-salad-cream-546383011,/productImages/546/546383011_0_150x150.jpg?identifier=5971dbe78318ecf237eae270344f4c81
Mr Organic Vegan Mayo,£2.21,https://www.ocado.com/products/mr-organic-vegan-mayo-324098011,/productImages/324/324098011_0_150x150.jpg?identifier=1b4c057307bf350ea6568fdae71460ec
Oxo Vegan Beef Stock Cubes,£1.65,https://www.ocado.com/products/oxo-vegan-beef-stock-cubes-512945011,/productImages/512/512945011_0_150x150.jpg?identifier=12a51c1af7938edb5ca183328717ff25
Garofalo Conchiglie Pasta,£1.75,https://www.ocado.com/products/garofalo-conchiglie-pasta-563815011,/productImages/563/563815011_0_150x150.jpg?identifier=b994284a6a57f18131476bdf002a3702
Sweetpea Pantry Super Oat Carrot Muffin Mix,£2.20,https://www.ocado.com/products/sweetpea-pantry-super-oat-carrot-muffin-mix-385690011,/productImages/385/385690011_0_150x150.jpg?identifier=ba7e96c69c9722c3f900f74e3b86656e
Nando's Vegan Perinaise,£1.75,https://www.ocado.com/products/nando-s-vegan-perinaise-526885011,/productImages/526/526885011_0_150x150.jpg?identifier=80a77f618356ab9b4bd99ffad918c6cc
Raw Gorilla Keto Berry Granola,£4.52,https://www.ocado.com/products/raw-gorilla-keto-berry-granola-521475011,/productImages/521/521475011_0_150x150.jpg?identifier=886e275435ecc459acedef72957d73f0
GROUNDED Milk Chocolate Plant-Protein Shake,£2.80,https://www.ocado.com/products/grounded-milk-chocolate-plant-protein-shake-562823011,/productImages/562/562823011_0_150x150.jpg?identifier=d6cc757d04cf7c67fa68dc21ec9c49fb
Simply Green Pumpkin & Quinoa Falafel,£1,https://www.ocado.com/products/simply-green-pumpkin-quinoa-falafel-550826011,/productImages/550/550826011_0_150x150.jpg?identifier=1f4d35c15bd843f3f55890dcf60c3962
Garofalo Lumaca Rigata Pasta,£1.75,https://www.ocado.com/products/garofalo-lumaca-rigata-pasta-248873011,/productImages/248/248873011_0_150x150.jpg?identifier=1535c756e98915d7b9dba6c7087d825a
Mr Organic Organic Lentils,£1.60,https://www.ocado.com/products/mr-organic-organic-lentils-94037011,/productImages/940/94037011_0_150x150.jpg?identifier=030f8e0a6b90c9f01ae86798a2f0c9b5
Emily Veg Thins Sour Cream & Onion Sharing Bag,£2.15,https://www.ocado.com/products/emily-veg-thins-sour-cream-onion-sharing-bag-557742011,/productImages/557/557742011_0_150x150.jpg?identifier=af0adc40459dabeb269079cc7d791623
Garofalo Mezze Penne Rigate Pasta,£1.75,https://www.ocado.com/products/garofalo-mezze-penne-rigate-pasta-69018011,/productImages/690/69018011_0_150x150.jpg?identifier=664dc95fc93fed0d6e0f58ea0ceceeb0
Heinz Beanz No Added Sugar,£3.50,https://www.ocado.com/products/heinz-beanz-no-added-sugar-365939011,/productImages/365/365939011_0_150x150.jpg?identifier=30105624575c545e4f2f01ce7affd57d
Tick Tock Organic Rooibos Redbush Tea Bags,£1.80,https://www.ocado.com/products/tick-tock-organic-rooibos-redbush-tea-bags-21188011,/productImages/211/21188011_0_150x150.jpg?identifier=8fd26d93272c99e010ad61c84ba14f5a
Jackson's Multigrain Brown Bloomer,£1.75,https://www.ocado.com/products/jackson-s-multigrain-brown-bloomer-86084011,/productImages/860/86084011_0_150x150.jpg?identifier=672a829daf28e458dad2aad3b891e329
JimJams Vegan No Added Sugar Ha…,£2,https://www.ocado.com/products/jimjams-vegan-no-added-sugar-hazelnut-chocolate-spread-520297011,/productImages/520/520297011_0_150x150.jpg?identifier=ba561d7718287c4fe51f84e86c18e506
Bio&Me Super Berry Gut-Loving Prebiotic Granola,£2,https://www.ocado.com/products/bio-me-super-berry-gut-loving-prebiotic-granola-575873011,/productImages/575/575873011_0_150x150.jpg?identifier=7cdb0fe714a206c83145b4bffe74fe05
Pure Via 100% Erythritol Keto Sweetener Granules,£2.13,https://www.ocado.com/products/pure-via-100-erythritol-keto-sweetener-granules-514412011,/productImages/514/514412011_0_150x150.jpg?identifier=6c5c56d5193b157e00e391733e70a3fc
Simply Green Spinach & Broccoli Falafel,£1,https://www.ocado.com/products/simply-green-spinach-broccoli-falafel-550829011,/productImages/550/550829011_0_150x150.jpg?identifier=1d15d488ade84fff4d11b23283471e59
Rude Health Low Sugar Granola,£3.50,https://www.ocado.com/products/rude-health-low-sugar-granola-540814011,/productImages/540/540814011_0_150x150.jpg?identifier=763f389b0309dcb433b8cf5241b6a755
Mr Organic Baked Beans,£1.65,https://www.ocado.com/products/mr-organic-baked-beans-73535011,/productImages/735/73535011_0_150x150.jpg?identifier=35648980f1fbf94084fa16c9f86bd0c9
Inspired Vegan Tartare Sauce,£2,https://www.ocado.com/products/inspired-vegan-tartare-sauce-476789011,/productImages/476/476789011_0_150x150.jpg?identifier=d657a4b8968b5b32ff75fc846520fff2
Inspired Vegan Dill Mustard Sauce,£2,https://www.ocado.com/products/inspired-vegan-dill-mustard-sauce-476787011,/productImages/476/476787011_0_150x150.jpg?identifier=f31a971d8d58eb3dccde6cff4bd1a086
Garofalo Farfaline Pasta,£1.87,https://www.ocado.com/products/garofalo-farfaline-pasta-342880011,/productImages/342/342880011_0_150x150.jpg?identifier=f519199e428a0c915d15b64a89734434
Bio&Me Gut-Loving Apple & Cinnamon Porridge Sachets,£1.98,https://www.ocado.com/products/bio-me-gut-loving-apple-cinnamon-porridge-sachets-575876011,/productImages/575/575876011_0_150x150.jpg?identifier=0f90b73c7abcbf6935f4b0ffb0f220f2
Creative Nature Gnawbles Creamy Mylk Chocolate,£1.48,https://www.ocado.com/products/creative-nature-gnawbles-creamy-mylk-chocolate-545153011,/productImages/545/545153011_0_150x150.jpg?identifier=4fda97247fd97b337248a49a596a001d
The Vurger Co Spicy Chilli Vegan Mayo,£2,https://www.ocado.com/products/the-vurger-co-spicy-chilli-vegan-mayo-569305011,/productImages/569/569305011_0_150x150.jpg?identifier=3c5266eaa8d5a627b7f0f0a7bbdb8754
The Cherry Tree Cheeseboard Chutney,£4.60,https://www.ocado.com/products/the-cherry-tree-cheeseboard-chutney-493955011,/productImages/493/493955011_0_150x150.jpg?identifier=6ec73a7d8da7f990586e1feee1ca5380
The Cherry Tree Orange with Whisky Marmalade,£4.60,https://www.ocado.com/products/the-cherry-tree-orange-with-whisky-marmalade-493948011,/productImages/493/493948011_0_150x150.jpg?identifier=01669b7df6d0a0904a692c97dd2b44cd
The Cherry Tree Real Ale Chutney,£4.60,https://www.ocado.com/products/the-cherry-tree-real-ale-chutney-493956011,/productImages/493/493956011_0_150x150.jpg?identifier=1b5b0e2485a045cf6eec5077aeb6db25
The Cherry Tree Kashmiri Chutney,£4.60,https://www.ocado.com/products/the-cherry-tree-kashmiri-chutney-493952011,/productImages/493/493952011_0_150x150.jpg?identifier=b4579b435d8d16eb04bce0a7116051f4
Tick Tock Rooibos Earl Grey Tea Bags,£1.68,https://www.ocado.com/products/tick-tock-rooibos-earl-grey-tea-bags-294416011,/productImages/294/294416011_0_150x150.jpg?identifier=8c86dc6aa3c4182fd62e086b251d79b4
Patak's Plant Based Korma Daal Curry Kit,£2.50,https://www.ocado.com/products/patak-s-plant-based-korma-daal-curry-kit-575045011,/productImages/575/575045011_0_150x150.jpg?identifier=9ab8e2ff5dd6096359516ba2effe0d44
Frank's RedHot Chargrilled Habanero Craft Hot Sauce,£1.46,https://www.ocado.com/products/frank-s-redhot-chargrilled-habanero-craft-hot-sauce-568454011,/productImages/568/568454011_0_150x150.jpg?identifier=40f5e92e1ec83bde3c5ba261993f0536
Delverde Whole Wheat Organic Penne Rigate,£1.76,https://www.ocado.com/products/delverde-whole-wheat-organic-penne-rigate-428910011,/productImages/428/428910011_0_150x150.jpg?identifier=5406b4120f939a9136e85e0a7577c7aa
Inspired Vegan Bearnaise Style Sauce,£2,https://www.ocado.com/products/inspired-vegan-bearnaise-style-sauce-476786011,/productImages/476/476786011_0_150x150.jpg?identifier=0caaa0d0269913182f0bcdce1cf9e563
Misfits Vegan Birthday Cake Protein Bar,£2.20,https://www.ocado.com/products/misfits-vegan-birthday-cake-protein-bar-579248011,/productImages/579/579248011_0_150x150.jpg?identifier=8637ec5b5a289868ce52e15d9ddc1f3a
Frank's RedHot Fire-Roasted Jalapeno Craft Hot Sauce,£1.46,https://www.ocado.com/products/frank-s-redhot-fire-roasted-jalapeno-craft-hot-sauce-568455011,/productImages/568/568455011_0_150x150.jpg?identifier=84344037b82448b0423f269592767780
Bio&Me Porridge Super Seedy & Nutty Gut-Loving Prebiotic,£3,https://www.ocado.com/products/bio-me-porridge-super-seedy-nutty-gut-loving-prebiotic-560280011,/productImages/560/560280011_0_150x150.jpg?identifier=4ed772df98525d87c6eab9f411129eba
Bio&Me Porridge Apple & Cinna…,£3,https://www.ocado.com/products/bio-me-porridge-apple-cinnamon-gut-loving-prebiotic-560279011,/productImages/560/560279011_0_150x150.jpg?identifier=06ba2f1fbfad133d9b420f0adeccfa80
Blue Dragon Singapore Noodle Kit,£3.40,https://www.ocado.com/products/blue-dragon-singapore-noodle-kit-538528011,/productImages/538/538528011_0_150x150.jpg?identifier=3dd3cab52e7006c76b083c39b5e795f9
Misfits Vegan Speculoos Protein Bar,£2.20,https://www.ocado.com/products/misfits-vegan-speculoos-protein-bar-579250011,/productImages/579/579250011_0_150x150.jpg?identifier=f0b793bd28540ab7a266c25b142806ae
Dragonfly Rooibos Organic Earl Grey,£2.16,https://www.ocado.com/products/dragonfly-rooibos-organic-earl-grey-29863011,/productImages/298/29863011_0_150x150.jpg?identifier=6cf3d05c982af505fe2499de1f77e30b
"Real Good Spicy BBQ Sauce, Recyclable 485g",£2.50,https://www.ocado.com/products/real-good-spicy-bbq-sauce-recyclable-485g-555944011,/productImages/555/555944011_0_150x150.jpg?identifier=3875c05036cc95631d689b6c2c4cc6e7
Biona Organic Whole Macaroni,£2.45,https://www.ocado.com/products/biona-organic-whole-macaroni-513860011,/productImages/513/513860011_0_150x150.jpg?identifier=036b4b5d8bbbe43fa32e7511d7ac8b9c
Heinz Beanz No Added Sugar,£2.20,https://www.ocado.com/products/heinz-beanz-no-added-sugar-365941011,/productImages/365/365941011_0_150x150.jpg?identifier=739939ed117680a646f2e8b2377caecf
Dr Will's All Natural Tomato Ketchup,£2.80,https://www.ocado.com/products/dr-will-s-all-natural-tomato-ketchup-584354011,/productImages/584/584354011_0_150x150.jpg?identifier=c2de7ef0e4d8c6511a7e66229fcb2779
Dr. Will's All Natural Classic BBQ Sauce,£2.80,https://www.ocado.com/products/dr-will-s-all-natural-classic-bbq-sauce-584353011,/productImages/584/584353011_0_150x150.jpg?identifier=36846e9e8459f82053c824002662becd
Dorset Cereals Simply Delicious Muesli,£3.40,https://www.ocado.com/products/dorset-cereals-simply-delicious-muesli-494436011,/productImages/494/494436011_0_150x150.jpg?identifier=3065eb5c506adbe97a79f43750f9f929
BEAR Smoothie Fruit Yoyos Blueb…,£2.60,https://www.ocado.com/products/bear-smoothie-fruit-yoyos-blueberry-banana-multipack-556755011,/productImages/556/556755011_0_150x150.jpg?identifier=8771debd90042ed5d82bd51869dc3a3e
"MOMA Apple, Date & Caramel Porridge Sachets",£2.75,https://www.ocado.com/products/moma-apple-date-caramel-porridge-sachets-555137011,/productImages/555/555137011_0_150x150.jpg?identifier=1aa7b57f8cc40e19d8da86bf2be8143a
Dragonfly Organic Moroccan Mint Green Tea Bags,£2.16,https://www.ocado.com/products/dragonfly-organic-moroccan-mint-green-tea-bags-45143011,/productImages/451/45143011_0_150x150.jpg?identifier=11827a09d24a14855d81b61bb3f0fa54
"Real Good No Added Sugar Tomato Ketchup, Recyclable",£1.70,https://www.ocado.com/products/real-good-no-added-sugar-tomato-ketchup-recyclable-350456011,/productImages/350/350456011_0_150x150.jpg?identifier=e44363a97876cc13660064048637eff2
Gran Luchito Chipotle Refried Beans,£2,https://www.ocado.com/products/gran-luchito-chipotle-refried-beans-466428011,/productImages/466/466428011_0_150x150.jpg?identifier=f63877a00fbfc33ce2661dd04416556f
Inspired Vegan Marie Rose Sauce,£2,https://www.ocado.com/products/inspired-vegan-marie-rose-sauce-476791011,/productImages/476/476791011_0_150x150.jpg?identifier=37d8df618e62c4fe413292d6883a7ff3
Mindful Chef Date and Goji Muesli,£3.40,https://www.ocado.com/products/mindful-chef-date-and-goji-muesli-577051011,/productImages/577/577051011_0_150x150.jpg?identifier=e4f575709450c6a6ae29a3e34f43b4ad
Mindful Chef Bircher Muesli,£3.40,https://www.ocado.com/products/mindful-chef-bircher-muesli-577050011,/productImages/577/577050011_0_150x150.jpg?identifier=70bb8fdadcc136376d784acf429030cb
Freee Gluten Free Seeded Bread Mix,£3,https://www.ocado.com/products/freee-gluten-free-seeded-bread-mix-533313011,/productImages/533/533313011_0_150x150.jpg?identifier=00e13b60d580eb8e35c9f698650ad37c
Simply Green GF Beetroot & Chili Falafel,£1,https://www.ocado.com/products/simply-green-gf-beetroot-chili-falafel-550828011,/productImages/550/550828011_0_150x150.jpg?identifier=70f4cf6017def5f642b0523749191572
Dragonfly Organic Mint Garden Digestif,£2.16,https://www.ocado.com/products/dragonfly-organic-mint-garden-digestif-420474011,/productImages/420/420474011_0_150x150.jpg?identifier=7d6515e813d8f0df49727443bc96f403
Mr Organic Red Kidney Beans,£1.60,https://www.ocado.com/products/mr-organic-red-kidney-beans-73550011,/productImages/735/73550011_0_150x150.jpg?identifier=959441d541f8d7f08ef49216418f7b33
Rebel Kitchen Dairy Free Organic Barista Mylk,£2.50,https://www.ocado.com/products/rebel-kitchen-dairy-free-organic-barista-mylk-552674011,/productImages/552/552674011_0_150x150.jpg?identifier=e6a44d043bb5cae9f3eae1951df321b8
Mr Organic Tomato Puree,£1.65,https://www.ocado.com/products/mr-organic-tomato-puree-73542011,/productImages/735/73542011_0_150x150.jpg?identifier=ab6ad22d8f9578d088be1ca00630a3bb
Rude Health The Ultimate Granola,£4,https://www.ocado.com/products/rude-health-the-ultimate-granola-540812011,/productImages/540/540812011_0_150x150.jpg?identifier=8c311b705fd5e1ae7236681392099427
Rude Health 5 Grain 5 Seed Porridge,£2.50,https://www.ocado.com/products/rude-health-5-grain-5-seed-porridge-540808011,/productImages/540/540808011_0_150x150.jpg?identifier=e76128acd781fcff85c3bf0a672eaa87
Cooks & Co Lemon & Pea Risotto,£2.70,https://www.ocado.com/products/cooks-co-lemon-pea-risotto-280495011,/productImages/280/280495011_0_150x150.jpg?identifier=55ddca5fad469508a0f1be90e8c2a8dd
Gran Luchito Cantina Black Beans,£2,https://www.ocado.com/products/gran-luchito-cantina-black-beans-508829011,/productImages/508/508829011_0_150x150.jpg?identifier=393541615d7e29b3ee83a8f9deb07957
Petti Tuscan Pizza Sauce,£1.14,https://www.ocado.com/products/petti-tuscan-pizza-sauce-426838011,/productImages/426/426838011_0_150x150.jpg?identifier=c1086b4e6e3d6fecc4c0fe1fd9970b0f
Dragonfly Organic Rooibos Chai Tea Bags,£2.16,https://www.ocado.com/products/dragonfly-organic-rooibos-chai-tea-bags-15579011,/productImages/155/15579011_0_150x150.jpg?identifier=168a4cc045932391bbad8d05037c222c
EMILY Veg Thins Barbeque Sharing Tortilla Chips,£2.15,https://www.ocado.com/products/emily-veg-thins-barbeque-sharing-tortilla-chips-505423011,/productImages/505/505423011_0_150x150.jpg?identifier=2b2095df373a69bb7f548c7dd0d26acc
MOMA Peanut Butter & Maple Syrup Porridge Sachets,£2.75,https://www.ocado.com/products/moma-peanut-butter-maple-syrup-porridge-sachets-555136011,/productImages/555/555136011_0_150x150.jpg?identifier=c19f498bd2952820bb76e8616fc8b983
Blue Dragon Yaki Soba Kit,£3.40,https://www.ocado.com/products/blue-dragon-yaki-soba-kit-538527011,/productImages/538/538527011_0_150x150.jpg?identifier=959790fb20464a76c13e737d4be80cf6
Dragonfly Rooibos Organic Vanilla,£2.16,https://www.ocado.com/products/dragonfly-rooibos-organic-vanilla-29862011,/productImages/298/29862011_0_150x150.jpg?identifier=a1dce54da7961655fb0187ea82a57c4a
Mr Organic Italian Organic Cherry Tomatoes,£1.53,https://www.ocado.com/products/mr-organic-italian-organic-cherry-tomatoes-225471011,/productImages/225/225471011_0_150x150.jpg?identifier=99fdc506c91c8d839c2d6a453f921f21
Dragonfly Rooibos Organic,£2.16,https://www.ocado.com/products/dragonfly-rooibos-organic-29860011,/productImages/298/29860011_0_150x150.jpg?identifier=d2e5303d9c72bc50dd1116523e60cfcb
MOMA Dairy Free Almond Butter & S…,£1.20,https://www.ocado.com/products/moma-dairy-free-almond-butter-salted-caramel-porridge-pot-399263011,/productImages/399/399263011_0_150x150.jpg?identifier=efcb67135bfe13d7f46ede01fd13ef71
Nibble Simply Cheeky Choc Chip Cookie D…,£1.60,https://www.ocado.com/products/nibble-simply-cheeky-choc-chip-cookie-dough-low-carb-biscuit-bites-554744011,/productImages/554/554744011_0_150x150.jpg?identifier=7f89a894ed17744a220ff78899bf38a0
Nibble Simply Fantastically Fudgy Lemon Sho…,£1.60,https://www.ocado.com/products/nibble-simply-fantastically-fudgy-lemon-shortbread-low-carb-biscuit-bites-554742011,/productImages/554/554742011_0_150x150.jpg?identifier=88d93315b117117ec8cf9af45429b1a5
Nibble Protein Outrageously Orange…,£1.60,https://www.ocado.com/products/nibble-protein-outrageously-orange-double-choc-brownie-bites-554740011,/productImages/554/554740011_0_150x150.jpg?identifier=cbc50a1e16b3f182ffe6cb8474f0bc3c
Virtue Yerba Mate Energy Peach & Raspberry,£1.55,https://www.ocado.com/products/virtue-yerba-mate-energy-peach-raspberry-541998011,/productImages/541/541998011_0_150x150.jpg?identifier=03de086e637d22895e9d5df6834cccfc
Heinz Five Beanz In Tomato Sauce,£1.40,https://www.ocado.com/products/heinz-five-beanz-in-tomato-sauce-80144011,/productImages/801/80144011_0_150x150.jpg?identifier=798cc64a3bfb0f671d667c64332c750d
Pulsin Orange Choc & Peanut Vegan Keto Bar,£2,https://www.ocado.com/products/pulsin-orange-choc-peanut-vegan-keto-bar-562296011,/productImages/562/562296011_0_150x150.jpg?identifier=06d8e2397aa1524027788d4670aea57a
Pulsin Choc Mint & Peanut Vegan Keto Bar,£2,https://www.ocado.com/products/pulsin-choc-mint-peanut-vegan-keto-bar-562290011,/productImages/562/562290011_0_150x150.jpg?identifier=7a509e8c21542e446e313a9e88572e5b
Twinings Superblends Focus with Mango and Pineapple,£2.33,https://www.ocado.com/products/twinings-superblends-focus-with-mango-and-pineapple-442848011,/productImages/442/442848011_0_150x150.jpg?identifier=f8cb457ceb2f5cdfbdf40e96b57c2501
Epicure Double Concentrated Tomato Puree,£1.04,https://www.ocado.com/products/epicure-double-concentrated-tomato-puree-455617011,/productImages/455/455617011_0_150x150.jpg?identifier=ed9c5d5ed0cbb51e2ba7437d806451e0
Heinz Baked Beanz in Tomato Sauce Triple Pack,£2.20,https://www.ocado.com/products/heinz-baked-beanz-in-tomato-sauce-triple-pack-50338011,/productImages/503/50338011_0_150x150.jpg?identifier=f933ff81dfbf0dad5c7407cba8286d1d
Mr Organic Chilli Mixed Beans,£1.53,https://www.ocado.com/products/mr-organic-chilli-mixed-beans-551434011,/productImages/551/551434011_0_150x150.jpg?identifier=c30be7ff8055777103a2941e3f3722f1
Fru Crew Bonkers Banana,£1.92,https://www.ocado.com/products/fru-crew-bonkers-banana-575082011,/productImages/575/575082011_0_150x150.jpg?identifier=343d2f1f28787f931ee600fa8f662310
Tick Tock Vanilla,£1.68,https://www.ocado.com/products/tick-tock-vanilla-527722011,/productImages/527/527722011_0_150x150.jpg?identifier=e74c07681d1d2434b8db94924e89a43c
Eat Water Slim Vegan Pasta Spaghetti,£1.60,https://www.ocado.com/products/eat-water-slim-vegan-pasta-spaghetti-88618011,/productImages/886/88618011_0_150x150.jpg?identifier=13dc1db048b7ca9a81a991897f277648
Nibble Simply Doubly Delicious Choc Cho…,£1.60,https://www.ocado.com/products/nibble-simply-doubly-delicious-choc-choc-chip-low-carb-biscuit-bites-554743011,/productImages/554/554743011_0_150x150.jpg?identifier=765bbb7e15d07bfb6713b1d337dec3a7
Mr Organic Italian Organic Chopped Tomatoes,£1.60,https://www.ocado.com/products/mr-organic-italian-organic-chopped-tomatoes-73539011,/productImages/735/73539011_0_150x150.jpg?identifier=2dfacc196403e9727a0bc1234650211c
Frank's RedHot Smoked Chipotle Craft Hot Sauce,£1.46,https://www.ocado.com/products/frank-s-redhot-smoked-chipotle-craft-hot-sauce-568453011,/productImages/568/568453011_0_150x150.jpg?identifier=bae195c0813c789e47fb71945eaf95ef
Crosta & Mollica Mini Spelt Piadina Organic,£1.06,https://www.ocado.com/products/crosta-mollica-mini-spelt-piadina-organic-561671011,/productImages/561/561671011_0_150x150.jpg?identifier=2c4757ef82b027bd8a9ba0056b44d61a
Simply Green Moroccan Spiced Vegg…,£2,https://www.ocado.com/products/simply-green-moroccan-spiced-veggie-burger-mix-gluten-free-550830011,/productImages/550/550830011_0_150x150.jpg?identifier=b244060a86c16f438fd2c8fa816b5ebb
Rude Health Bircher Muesli,£3,https://www.ocado.com/products/rude-health-bircher-muesli-540810011,/productImages/540/540810011_0_150x150.jpg?identifier=91ed4edf668b99db03727f73b0e392d8
Cholula Hot Sauce Chipotle,£1.26,https://www.ocado.com/products/cholula-hot-sauce-chipotle-519905011,/productImages/519/519905011_0_150x150.jpg?identifier=e67c6306709bc24890c924a6c33849d4
Kellogg's Winders Strawberry & Apple,£1.25,https://www.ocado.com/products/kellogg-s-winders-strawberry-apple-552544011,/productImages/552/552544011_0_150x150.jpg?identifier=370509f96d8fba1dacd292ce957e66f8
Mr Organic Whole Peeled Plum Tomatoes,£1.60,https://www.ocado.com/products/mr-organic-whole-peeled-plum-tomatoes-73547011,/productImages/735/73547011_0_150x150.jpg?identifier=83081363b6afbd974c1659307182b900
Tracklements Robust Wholegrain Mustard,£1.76,https://www.ocado.com/products/tracklements-robust-wholegrain-mustard-45210011,/productImages/452/45210011_0_150x150.jpg?identifier=8ea4bed1b16cce6e6adb43f4221714e8
Crosta & Mollica Mini Piadina Flatbreads Durum Wheat,89p,https://www.ocado.com/products/crosta-mollica-mini-piadina-flatbreads-durum-wheat-404369011,/productImages/404/404369011_0_150x150.jpg?identifier=befb4a713b74cd6e43425d36b263305c
JimJams Vegan No Added Sugar Dark…,£2,https://www.ocado.com/products/jimjams-vegan-no-added-sugar-dark-chocolate-orange-spread-520298011,/productImages/520/520298011_0_150x150.jpg?identifier=0d8c7a3c6bb221077b4a83a8cbd63169
Jackson's Half Seeded Bloomer,£1.20,https://www.ocado.com/products/jackson-s-half-seeded-bloomer-309945011,/productImages/309/309945011_0_150x150.jpg?identifier=e9c64255b014071b70e9590313196a96
Eat Water Slim Noodles,£1.60,https://www.ocado.com/products/eat-water-slim-noodles-88622011,/productImages/886/88622011_0_150x150.jpg?identifier=db1e2c95221ad002d2169641ac4eec09
Eat Water Slim Rice,£1.60,https://www.ocado.com/products/eat-water-slim-rice-88615011,/productImages/886/88615011_0_150x150.jpg?identifier=b83efb0c71f40912eabde62d9768e68e
Misfits Vegan Banoffee Protein Bar,£2.20,https://www.ocado.com/products/misfits-vegan-banoffee-protein-bar-579249011,/productImages/579/579249011_0_150x150.jpg?identifier=adcd9bd2bc0fb11b92c9f836ec984fbb
Dragonfly Organic Happy Times Tulsi,£2.16,https://www.ocado.com/products/dragonfly-organic-happy-times-tulsi-526906011,/productImages/526/526906011_0_150x150.jpg?identifier=f7827b23be329a2b25c1ffc6e941f697
Dragonfly Organic True Clarity Ginger,£2.16,https://www.ocado.com/products/dragonfly-organic-true-clarity-ginger-517324011,/productImages/517/517324011_0_150x150.jpg?identifier=5ced3b2c423d28492ed28be646e48431
Dragonfly Organic Night Sky Calm,£2.16,https://www.ocado.com/products/dragonfly-organic-night-sky-calm-420473011,/productImages/420/420473011_0_150x150.jpg?identifier=5621fba81c1593eea898c46ab0857f14
Cirio 5 Cereals with Lentils,70p,https://www.ocado.com/products/cirio-5-cereals-with-lentils-511993011,/productImages/511/511993011_0_150x150.jpg?identifier=e6ba8c7df24a9848ee13148a1f8f43fa
Mr Organic Cannellini Beans,£1.65,https://www.ocado.com/products/mr-organic-cannellini-beans-73561011,/productImages/735/73561011_0_150x150.jpg?identifier=b71ceb5ff11abbb9ad468e58b1e38caa
Sweetpea Pantry Wholegrain Pizza…,£2.20,https://www.ocado.com/products/sweetpea-pantry-wholegrain-pizza-dough-mix-with-chia-flax-226958011,/productImages/226/226958011_0_150x150.jpg?identifier=5f9a5d3e62ecaab81aca52f9e8b682f5
Dragonfly Organic Good Dragon Pu er Tea,£2.04,https://www.ocado.com/products/dragonfly-organic-good-dragon-pu-er-tea-40677011,/productImages/406/40677011_0_150x150.jpg?identifier=66abe94fafab0c8b8a44b915787afec2
Creative Nature Gnawbles Cheeky Choc HazelNOT,£1.48,https://www.ocado.com/products/creative-nature-gnawbles-cheeky-choc-hazelnot-545152011,/productImages/545/545152011_0_150x150.jpg?identifier=3b80c4b57b218d72d856591723762686
"Nuud Plastic Free, Sugar Free Spearmint Chewing Gum",£1.50,https://www.ocado.com/products/nuud-plastic-free-sugar-free-spearmint-chewing-gum-570929011,/productImages/570/570929011_0_150x150.jpg?identifier=ba92b91043f2a018f79ca22080e19913
The Primal Pantry Coconut Real Food Bar Multipack,£1.95,https://www.ocado.com/products/the-primal-pantry-coconut-real-food-bar-multipack-452710011,/productImages/452/452710011_0_150x150.jpg?identifier=c09e2d0530c23f86d153ed10f2457ef5
Pulsin Choc Fudge & Peanut Vegan Keto Bar,£2,https://www.ocado.com/products/pulsin-choc-fudge-peanut-vegan-keto-bar-505804011,/productImages/505/505804011_0_150x150.jpg?identifier=6a7ec7dcbb172f3512e5baf97b845602
James White Big Tom Spiced Tomato Mix Ketchup,£2,https://www.ocado.com/products/james-white-big-tom-spiced-tomato-mix-ketchup-520657011,/productImages/520/520657011_0_150x150.jpg?identifier=8a2eb121db1ce5a2e8187f7ad0bc5eaa
Clearspring Organic Rice Cakes - Lightly Salted,£1.04,https://www.ocado.com/products/clearspring-organic-rice-cakes-lightly-salted-506349011,/productImages/506/506349011_0_150x150.jpg?identifier=bcbfef3d283da27113787a899c2845b9
Clearspring Organic Rice Cakes - Multi-Grains,£1.04,https://www.ocado.com/products/clearspring-organic-rice-cakes-multi-grains-506347011,/productImages/506/506347011_0_150x150.jpg?identifier=06f6295ceb95525388e3e37c68e32671
MOMA Coconut & Chia Porridge Sachets,£2.90,https://www.ocado.com/products/moma-coconut-chia-porridge-sachets-527998011,/productImages/527/527998011_0_150x150.jpg?identifier=2cd4af24e20590a02dda191e949e93e0
Kellogg's Winders Strawberry & Blackcurrant,£1.25,https://www.ocado.com/products/kellogg-s-winders-strawberry-blackcurrant-552543011,/productImages/552/552543011_0_150x150.jpg?identifier=340bc221abae56f4470d2413bfee29c5
Heinz Baked Beanz,£1.20,https://www.ocado.com/products/heinz-baked-beanz-12279011,/productImages/122/12279011_0_150x150.jpg?identifier=56862637a7183b184eb64def1bda0f5b
Mr Organic Organic Borlotti Beans,£1.50,https://www.ocado.com/products/mr-organic-organic-borlotti-beans-94038011,/productImages/940/94038011_0_150x150.jpg?identifier=1c72e414751989dc1650a23772adb353
Raw Gorilla Munchies Wholefoo…,£1.20,https://www.ocado.com/products/raw-gorilla-munchies-wholefood-breakfast-lemon-chia-452107011,/productImages/452/452107011_0_150x150.jpg?identifier=9d4a7e8d5dda45c426ea7998793825d4
Virtue Clean Energy Berries,£1,https://www.ocado.com/products/virtue-clean-energy-berries-324889011,/productImages/324/324889011_0_150x150.jpg?identifier=3877419f847ac21df3cab58418d8902e
Tick Tock Organic Rooibos Green Tea Bags,£1.68,https://www.ocado.com/products/tick-tock-organic-rooibos-green-tea-bags-38524011,/productImages/385/38524011_0_150x150.jpg?identifier=29945fa248e936a109cee9c4cd2b5157
EMILY Veg Thins Sea Salt Sharing,£2.15,https://www.ocado.com/products/emily-veg-thins-sea-salt-sharing-505424011,/productImages/505/505424011_0_150x150.jpg?identifier=a5ab05e191fabef07d6ee9201b01b96e
Heinz Organic Baked Beanz,£1.40,https://www.ocado.com/products/heinz-organic-baked-beanz-14976011,/productImages/149/14976011_0_150x150.jpg?identifier=50c7ef33bc8dce36a0a759ee5c7ec4c8
Jackson's Half Brown Bloomer,£1.15,https://www.ocado.com/products/jackson-s-half-brown-bloomer-309944011,/productImages/309/309944011_0_150x150.jpg?identifier=b65d0bedec10537253298f67ca160761
Mr Organic BBQ Baked Beans,£1.48,https://www.ocado.com/products/mr-organic-bbq-baked-beans-551435011,/productImages/551/551435011_0_150x150.jpg?identifier=3a0198c55b23c5c13900bd025ba3be3f
"Nuud Plastic Free, Sugar Free Peppermint Chewing Gum",£1.50,https://www.ocado.com/products/nuud-plastic-free-sugar-free-peppermint-chewing-gum-570930011,/productImages/570/570930011_0_150x150.jpg?identifier=abbcde1b65435370cc772ad388e6f590
Purdey's Natural Energy Rejuvenate Grape & Apple,£1.45,https://www.ocado.com/products/purdey-s-natural-energy-rejuvenate-grape-apple-14533011,/productImages/145/14533011_0_150x150.jpg?identifier=f7b919f69ae7c0b9e3fae4e91f287b90
Rude Health Organic Puffed Wheat,£1.80,https://www.ocado.com/products/rude-health-organic-puffed-wheat-525052011,/productImages/525/525052011_0_150x150.jpg?identifier=3086cce615417192aead4f5a118a7115
Virtue Yerba Mate Energy Strawberry & Lime,£1.55,https://www.ocado.com/products/virtue-yerba-mate-energy-strawberry-lime-541997011,/productImages/541/541997011_0_150x150.jpg?identifier=f3cc2bb47b5ea3efc6814245df817d0d
Clearspring Organic Rice Cakes with No Added Salt,£1.04,https://www.ocado.com/products/clearspring-organic-rice-cakes-with-no-added-salt-506348011,/productImages/506/506348011_0_150x150.jpg?identifier=aa78573fae553235116dfc71fa59f6ba
Virtue Clean Energy Lemon & Lime,£1,https://www.ocado.com/products/virtue-clean-energy-lemon-lime-324890011,/productImages/324/324890011_0_150x150.jpg?identifier=2d1ee039fac3cf674e0ffa2c6d105e42
Cirio Borlotti & Cereals,70p,https://www.ocado.com/products/cirio-borlotti-cereals-511994011,/productImages/511/511994011_0_150x150.jpg?identifier=55f0ad3071de95cea951df75c61d7f9c
Cooks & Co Chickpeas,£1.25,https://www.ocado.com/products/cooks-co-chickpeas-75413011,/productImages/754/75413011_0_150x150.jpg?identifier=434df61eb33c968bfbf73d163cb861c3
Heinz Beanz Fiery Chilli,£1.40,https://www.ocado.com/products/heinz-beanz-fiery-chilli-82701011,/productImages/827/82701011_0_150x150.jpg?identifier=40d9ffcaa6462cc8753abb083da6725a
Nibble Protein Sunny Sicilian Lemon Coconut Bites,£1.60,https://www.ocado.com/products/nibble-protein-sunny-sicilian-lemon-coconut-bites-554741011,/productImages/554/554741011_0_150x150.jpg?identifier=4edff369d68a958a52d7f67207d64626
Rude Health Daily Oats Porridge,£2,https://www.ocado.com/products/rude-health-daily-oats-porridge-540809011,/productImages/540/540809011_0_150x150.jpg?identifier=cad2520f7c6cacd38f73e29c7e1aca68
Heinz Plant Proteinz Mediterranean Tomato Soup,£1.50,https://www.ocado.com/products/heinz-plant-proteinz-mediterranean-tomato-soup-574475011,/productImages/574/574475011_0_150x150.jpg?identifier=89871632c9c6626def4a30827e9dbd90
Heinz Beanz No Added Sugar,£1.20,https://www.ocado.com/products/heinz-beanz-no-added-sugar-365942011,/productImages/365/365942011_0_150x150.jpg?identifier=2d057b1bd51d68fd0b6b51ea51e416ec
Cirio Mixed Beans & Oats,70p,https://www.ocado.com/products/cirio-mixed-beans-oats-511991011,/productImages/511/511991011_0_150x150.jpg?identifier=56fbed7e6b5a0f0a085b7e5fdb4cd216
Heinz Beanz Curry,£1.40,https://www.ocado.com/products/heinz-beanz-curry-81991011,/productImages/819/81991011_0_150x150.jpg?identifier=122bba25143f636f5306e271e7af4c2e
Creative Nature Ginger Teatox Raw Superfood Flapjack,80p,https://www.ocado.com/products/creative-nature-ginger-teatox-raw-superfood-flapjack-248715011,/productImages/248/248715011_0_150x150.jpg?identifier=fa66b92bc1468f20c22f71e4a6f78d09
Heinz Beanz BBQ,£1.40,https://www.ocado.com/products/heinz-beanz-bbq-82532011,/productImages/825/82532011_0_150x150.jpg?identifier=8884637b700cbbe8cba6265e95674ab4
Mr Organic Low Sugar Baked Beans,£1.48,https://www.ocado.com/products/mr-organic-low-sugar-baked-beans-551436011,/productImages/551/551436011_0_150x150.jpg?identifier=3a85f2758867bc947d38392b3f947961
Creative Nature Raw Cacao Superfood Flapjack,80p,https://www.ocado.com/products/creative-nature-raw-cacao-superfood-flapjack-248717011,/productImages/248/248717011_0_150x150.jpg?identifier=bb4bb601d41a3374e4d0613b07d77fae
Creative Nature Goji Goodness…,80p,https://www.ocado.com/products/creative-nature-goji-goodness-raw-superfood-flapjack-248714011,/productImages/248/248714011_0_150x150.jpg?identifier=9faa945968a5679a4316b01a7406b6e1
Nix & Kix Raspberry Rhubarb,£1.45,https://www.ocado.com/products/nix-kix-raspberry-rhubarb-542754011,/productImages/542/542754011_0_150x150.jpg?identifier=2b78d3e1c5eedd90b011dff5f6740af6
M&S Baked Beans,40p,https://www.ocado.com/products/m-s-baked-beans-562260011,/productImages/562/562260011_0_150x150.jpg?identifier=f31f3db75afb178fdda3c9f6b214ba63
Creative Nature Apple Pie Protein Flapjack,£1.08,https://www.ocado.com/products/creative-nature-apple-pie-protein-flapjack-383517011,/productImages/383/383517011_0_150x150.jpg?identifier=d282d9f58160589b3f47503ae4dd30eb
Creative Nature Salted Caramel Protein Flapjack,£1.08,https://www.ocado.com/products/creative-nature-salted-caramel-protein-flapjack-383518011,/productImages/383/383518011_0_150x150.jpg?identifier=f2f8977def22099ce013314157cff9b4
Creative Nature Cacao Orange Protein Flapjack,£1.08,https://www.ocado.com/products/creative-nature-cacao-orange-protein-flapjack-383519011,/productImages/383/383519011_0_150x150.jpg?identifier=b173dd3ee073d486c0ef3e8ee5b3a250
Raw Gorilla Carob & Orange nut & Seed Munchies,£1.20,https://www.ocado.com/products/raw-gorilla-carob-orange-nut-seed-munchies-452108011,/productImages/452/452108011_0_150x150.jpg?identifier=883f8bfd48a8779fe883d6f5b6abffdb
Cooks & Co - Red Kidney Beans,£1.25,https://www.ocado.com/products/cooks-co-red-kidney-beans-460402011,/productImages/460/460402011_0_150x150.jpg?identifier=b4d933ab1c97900046288056b25a8345
Heinz Baked Beanz,80p,https://www.ocado.com/products/heinz-baked-beanz-12278011,/productImages/122/12278011_0_150x150.jpg?identifier=eb21a3a9bd176361052a91d9328d4e5c
Petti 100% Italian Peeled Plum Tomatoes,93p,https://www.ocado.com/products/petti-100-italian-peeled-plum-tomatoes-426844011,/productImages/426/426844011_0_150x150.jpg?identifier=11eb6f6e02485743a3686cfa14a2d526
Moma Gluten Free Dairy Free Porridge Coconut & Chia,£1.20,https://www.ocado.com/products/moma-gluten-free-dairy-free-porridge-coconut-chia-306417011,/productImages/306/306417011_0_150x150.jpg?identifier=360e6de5707d45b76a1a341dac83c08e
Heinz Beanz No Sugar Added,80p,https://www.ocado.com/products/heinz-beanz-no-sugar-added-366616011,/productImages/366/366616011_0_150x150.jpg?identifier=15f5f5e4f1b16599a61e371a16cde202
Pulsin Natural Chocolate Flavour…,£33.75,https://www.ocado.com/products/pulsin-natural-chocolate-flavour-vegan-pea-protein-powder-562287011,/productImages/562/562287011_0_150x150.jpg?identifier=7e3b2c7dd30a9eef5f550c333241b1b2
Mighty Human Superberry Vegan Protein Powder,£18.75,https://www.ocado.com/products/mighty-human-superberry-vegan-protein-powder-570732011,/productImages/570/570732011_0_150x150.jpg?identifier=0732d6e2d204de1f40fa07effac446cd
Phizz Orange Multivitamin & Rehydration Ele…,£20,https://www.ocado.com/products/phizz-orange-multivitamin-rehydration-electrolyte-effervescent-tablets-562209011,/productImages/562/562209011_0_150x150.jpg?identifier=398ec152b3ceb5ffc8dd5c1b207139cc
TENZING Natural Energy Original Recipe Case,£13.50,https://www.ocado.com/products/tenzing-natural-energy-original-recipe-case-551731011,/productImages/551/551731011_0_150x150.jpg?identifier=b5c0276b1ab42e5ffc3ba21365f0198a
Arctic Power Berries Sea Buckthorn Powder,£7.65,https://www.ocado.com/products/arctic-power-berries-sea-buckthorn-powder-571790011,/productImages/571/571790011_0_150x150.jpg?identifier=eaf4a40e6e59c019b1222082fdef52f4
Raw Gorilla Keto Chocolate Granola,£4.52,https://www.ocado.com/products/raw-gorilla-keto-chocolate-granola-521476011,/productImages/521/521476011_0_150x150.jpg?identifier=c4e1d14b4f4fe829fdf9aeb58333a356
Raw Bake Station Crookies Taster Box,£8.33,https://www.ocado.com/products/raw-bake-station-crookies-taster-box-566641011,/productImages/566/566641011_0_150x150.jpg?identifier=64a26dfeaae554f97840034fdbce452d
Rude Health Crunchy Almond Granola,£3.50,https://www.ocado.com/products/rude-health-crunchy-almond-granola-540804011,/productImages/540/540804011_0_150x150.jpg?identifier=ce78299fd07c287b4e7f0d28a1563e76
Rollagranola Absolutely Chocolate Oat Granola,£4.08,https://www.ocado.com/products/rollagranola-absolutely-chocolate-oat-granola-552324011,/productImages/552/552324011_0_150x150.jpg?identifier=59243866b3916ec169fc15fdbb08bb32
Raw Gorilla Keto Mighty Muesli Choc Chip,£4.52,https://www.ocado.com/products/raw-gorilla-keto-mighty-muesli-choc-chip-520972011,/productImages/520/520972011_0_150x150.jpg?identifier=731f1495fcbecb0e9085658846b623b8
Rude Health Low Sugar Muesli,£3,https://www.ocado.com/products/rude-health-low-sugar-muesli-540811011,/productImages/540/540811011_0_150x150.jpg?identifier=9729be8b3a4b9f22b987de7fc1425f07
Dragonfly Moonlight Jasmine Green Tea Bags,£2.16,https://www.ocado.com/products/dragonfly-moonlight-jasmine-green-tea-bags-49051011,/productImages/490/49051011_0_150x150.jpg?identifier=974a5500264ae3f1078b6ea773f1deb4
Dragonfly Organic Pure Green Mountain Tea,£2.16,https://www.ocado.com/products/dragonfly-organic-pure-green-mountain-tea-22091011,/productImages/220/22091011_0_150x150.jpg?identifier=8dcb934038fdd17549c7fb16f482632d
Mr Organic Mixed Beans,£1.70,https://www.ocado.com/products/mr-organic-mixed-beans-73553011,/productImages/735/73553011_0_150x150.jpg?identifier=836a27da7fbfe1d665ed986573dbc26e
Deliciously Ella Mixed Berry & Nut Chocolate,£3.05,https://www.ocado.com/products/deliciously-ella-mixed-berry-nut-chocolate-556728011,/productImages/556/556728011_0_150x150.jpg?identifier=4cfa5f8560f20b67856b0adb2bdeb3a7
Rude Health Coconut Muesli,£3,https://www.ocado.com/products/rude-health-coconut-muesli-540805011,/productImages/540/540805011_0_150x150.jpg?identifier=18b133f884c7a993c4efa76bff5242b2
The Primal Pantry Cocoa Real Food Bar Multipack,£1.95,https://www.ocado.com/products/the-primal-pantry-cocoa-real-food-bar-multipack-452708011,/productImages/452/452708011_0_150x150.jpg?identifier=36186ad53618425aec21dab0f00cb494
Dragonfly Organic Swirling Mist White Tea Bags,£2.16,https://www.ocado.com/products/dragonfly-organic-swirling-mist-white-tea-bags-22090011,/productImages/220/22090011_0_150x150.jpg?identifier=fec5f96c91dfa884b767e7cd58e0e07d
Primrose Kitchen Fig & Apricot Bircher,£3.60,https://www.ocado.com/products/primrose-kitchen-fig-apricot-bircher-555545011,/productImages/555/555545011_0_150x150.jpg?identifier=9d05280839bb92a17d86b16048fe7406
Tick Tock Organic Rooibos Loose Leaf Tea,£1.76,https://www.ocado.com/products/tick-tock-organic-rooibos-loose-leaf-tea-53603011,/productImages/536/53603011_0_150x150.jpg?identifier=ff9217901cad5264728ecdfaf8868403
Rude Health Fruity Date Porridge,£2.50,https://www.ocado.com/products/rude-health-fruity-date-porridge-540806011,/productImages/540/540806011_0_150x150.jpg?identifier=a7f090557a1cbc8740953d07b6116b50
Mindful Chef Scottish Organic Porridge Oats,£2.55,https://www.ocado.com/products/mindful-chef-scottish-organic-porridge-oats-577053011,/productImages/577/577053011_0_150x150.jpg?identifier=bbcb94e982e012258d9a35966e9fa08a
Dragonfly Organic Cape Rooibos & Honeybush,£2.16,https://www.ocado.com/products/dragonfly-organic-cape-rooibos-honeybush-420471011,/productImages/420/420471011_0_150x150.jpg?identifier=53081cf84483a5753432689f8a7eab77
MOMA Almond Butter & Salted C…,£2.90,https://www.ocado.com/products/moma-almond-butter-salted-caramel-porridge-sachets-527997011,/productImages/527/527997011_0_150x150.jpg?identifier=3e0c90cd561bca5bedce01f62979c515
Mr Organic Aduki Beans,£1.50,https://www.ocado.com/products/mr-organic-aduki-beans-324056011,/productImages/324/324056011_0_150x150.jpg?identifier=9cb0a08de62445b2478cc039414d2426
Cooks & Co Cannellini Beans,£1.25,https://www.ocado.com/products/cooks-co-cannellini-beans-75410011,/productImages/754/75410011_0_150x150.jpg?identifier=034d717e20d0c35d50ec1eb26a04a5f8
Cooks & Co Mediterranean Risotto,£2.90,https://www.ocado.com/products/cooks-co-mediterranean-risotto-280497011,/productImages/280/280497011_0_150x150.jpg?identifier=b2475e6502d2448711a19e74a23bf5bb
Dragonfly Organic Golden Balance Turmeric,£2.16,https://www.ocado.com/products/dragonfly-organic-golden-balance-turmeric-427455011,/productImages/427/427455011_0_150x150.jpg?identifier=4168638ea5a7c06cbfa7dda00355144d
Tick Tock Organic Rooibos Loose Leaf GreenTea,£1.87,https://www.ocado.com/products/tick-tock-organic-rooibos-loose-leaf-greentea-517322011,/productImages/517/517322011_0_150x150.jpg?identifier=66544c7287435fae4d6f0ca297b7bf9a
"Raw Gorilla Maca & Cinnamon, Almonds Munchies",£1.20,https://www.ocado.com/products/raw-gorilla-maca-cinnamon-almonds-munchies-452104011,/productImages/452/452104011_0_150x150.jpg?identifier=ac8fce6edfd2b1406286eb59e99c1c15
Raw Gorilla Munchies Wholefood…,£1.20,https://www.ocado.com/products/raw-gorilla-munchies-wholefood-breakfast-cacao-lucuma-452105011,/productImages/452/452105011_0_150x150.jpg?identifier=deaedecc2cbe20f6e524c35965672ca9
Gran Luchito Crunchy Sliced Jalapeno an…,£2.10,https://www.ocado.com/products/gran-luchito-crunchy-sliced-jalapeno-and-pineapple-for-fajita-taco-467398011,/productImages/467/467398011_0_150x150.jpg?identifier=f3a11310000a67f21ed16c3dc13e99e2
Mr Organic Vegan Chilli & Garlic Pesto,£3.25,https://www.ocado.com/products/mr-organic-vegan-chilli-garlic-pesto-323990011,/productImages/323/323990011_0_150x150.jpg?identifier=8606bb857095502abaf843f77ce85116
Ocean's Halo Vegan Fish Sauce,£3,https://www.ocado.com/products/ocean-s-halo-vegan-fish-sauce-554001011,/productImages/554/554001011_0_150x150.jpg?identifier=f2ab9686d40a6c9fc0590d15ecd9b5f7
Oat Made Golden Vegetable Pouch,£1.75,https://www.ocado.com/products/oat-made-golden-vegetable-pouch-593525011,/productImages/593/593525011_0_150x150.jpg?identifier=1f247059a30fd2124b54b7fa1b770eb7
Oat Made Original Pouch,£1.75,https://www.ocado.com/products/oat-made-original-pouch-593526011,/productImages/593/593526011_0_150x150.jpg?identifier=260848970ec21b02fe3addca23d39610
Oat Made Mexican Style Pouch,£1.75,https://www.ocado.com/products/oat-made-mexican-style-pouch-593530011,/productImages/593/593530011_0_150x150.jpg?identifier=d61cb19c9ff062e048b881212a05fa8c
Amazing Grass The Original Green Superfood Powder,£28,https://www.ocado.com/products/amazing-grass-the-original-green-superfood-powder-553500011,/productImages/553/553500011_0_150x150.jpg?identifier=7222af139b54be81c7627bc7625fc583
Bendicks Mint Collection,£9.75,https://www.ocado.com/products/bendicks-mint-collection-98165011,/productImages/981/98165011_0_150x150.jpg?identifier=38e7edb3c8e215b6e7fae321988779bc
Nakd Fruit & Nut Bar Variety Pack,£13,https://www.ocado.com/products/nakd-fruit-nut-bar-variety-pack-553899011,/productImages/553/553899011_0_150x150.jpg?identifier=2df972df2df46f74857e64d50058f7c4
Food Thoughts Oat Mylk Chocolate Chips,£11.50,https://www.ocado.com/products/food-thoughts-oat-mylk-chocolate-chips-570603011,/productImages/570/570603011_0_150x150.jpg?identifier=1bb21c9580a191c9d7fb473756946039
Marigold Engevita with Added B12 Nutritional Yeast Flakes,£3.50,https://www.ocado.com/products/marigold-engevita-with-added-b12-nutritional-yeast-flakes-71137011,/productImages/711/71137011_0_150x150.jpg?identifier=1654dd4394e64db0685b6cf1f888c3d8
Mr Organic Baked Beans 4 Pack,£5.80,https://www.ocado.com/products/mr-organic-baked-beans-4-pack-525043011,/productImages/525/525043011_0_150x150.jpg?identifier=d52b858fb9ef2b4b6309bcb449184612
Mr Organic Chickpeas 4 Pack,£5.65,https://www.ocado.com/products/mr-organic-chickpeas-4-pack-525044011,/productImages/525/525044011_0_150x150.jpg?identifier=fe3f19538893a2397c30cee9ab775f5a
Marmite Original Yeast Extract Spread,£5.85,https://www.ocado.com/products/marmite-original-yeast-extract-spread-11126011,/productImages/111/11126011_0_150x150.jpg?identifier=6d4ec16f268d70283ae4e67b302f69ef
Valsoia Dairy Free Chocolate Spread,£4.20,https://www.ocado.com/products/valsoia-dairy-free-chocolate-spread-309832011,/productImages/309/309832011_0_150x150.jpg?identifier=f02b1a92860d9b82a0a030f3453461ca
Pip & Nut Crunchy Peanut Butter,£7,https://www.ocado.com/products/pip-nut-crunchy-peanut-butter-428251011,/productImages/428/428251011_0_150x150.jpg?identifier=6dce720375f41ee1647284afd9ce5dba
Hellmann's Vegan Mayonnaise,£2.60,https://www.ocado.com/products/hellmann-s-vegan-mayonnaise-438964011,/productImages/438/438964011_0_150x150.jpg?identifier=6d58dd40e3be8e4d15ac8a742fcfb18c
Sacla' Gluten & Dairy Free Basil Pesto,£3,https://www.ocado.com/products/sacla-gluten-dairy-free-basil-pesto-236306011,/productImages/236/236306011_0_150x150.jpg?identifier=131470e3cfecf0274992564bc6add78e
Borna Smooth 100% Pistachio Butter,£8.50,https://www.ocado.com/products/borna-smooth-100-pistachio-butter-569334011,/productImages/569/569334011_0_150x150.jpg?identifier=f4dd1c9a516e9dce0911ed3425be0991
Hellmann's Vegan Mayonnaise Squeezy,£3.60,https://www.ocado.com/products/hellmann-s-vegan-mayonnaise-squeezy-507323011,/productImages/507/507323011_0_150x150.jpg?identifier=661a8d92cd568cfdf1c9c5a5a645d08a
Yumello Smooth Salted Date Almond Butter,£4.80,https://www.ocado.com/products/yumello-smooth-salted-date-almond-butter-488420011,/productImages/488/488420011_0_150x150.jpg?identifier=21c25f9137a066b3a88d15a5a6bf35bb
Borna Sweet Roast Pistachio Butter,£8,https://www.ocado.com/products/borna-sweet-roast-pistachio-butter-569335011,/productImages/569/569335011_0_150x150.jpg?identifier=196fcf26a09f06a5751935bebdf0ef5b
Carlo Crivellin Gluten Free Spinach Gnocchi,£3.75,https://www.ocado.com/products/carlo-crivellin-gluten-free-spinach-gnocchi-471799011,/productImages/471/471799011_0_150x150.jpg?identifier=6277d6512b8b654a4cf37af8de6a6ad2
Bendicks Mint Collection,£5,https://www.ocado.com/products/bendicks-mint-collection-37915011,/productImages/379/37915011_0_150x150.jpg?identifier=bf0d5e7872137ebcb2bc92e0a254bcb3
Bendicks Bittermints,£5,https://www.ocado.com/products/bendicks-bittermints-11314011,/productImages/113/11314011_0_150x150.jpg?identifier=bbae788b1fa6bd2784978af69b4e424a
Drink Me Chai Vegan Chai Latte,£3.40,https://www.ocado.com/products/drink-me-chai-vegan-chai-latte-540349011,/productImages/540/540349011_0_150x150.jpg?identifier=f1afcc40c5a69287bb1829c32711a2e3
Marigold Super Engevita Yeast Fla…,£3.50,https://www.ocado.com/products/marigold-super-engevita-yeast-flakes-with-vitamin-d-b12-413962011,/productImages/413/413962011_0_150x150.jpg?identifier=0505d5021ac0cdecb2ae286b3bf5e3c0
Booja Booja Vegan Chocolate Orange Truffles,£5.75,https://www.ocado.com/products/booja-booja-vegan-chocolate-orange-truffles-564441011,/productImages/564/564441011_0_150x150.jpg?identifier=c34ec89eb61e86593d61b9f8fa8be048
Clearspring Mellow White Miso Sou…,£3.80,https://www.ocado.com/products/clearspring-mellow-white-miso-soup-with-tofu-green-onions-39314011,/productImages/393/39314011_0_150x150.jpg?identifier=4026652438482d8089c1af3a63b32707
Clearspring Organic Gluten Free…,£3.45,https://www.ocado.com/products/clearspring-organic-gluten-free-100-brown-rice-noodles-506353011,/productImages/506/506353011_0_150x150.jpg?identifier=41781887d18183b23f39d2d0fd332a2c
Maple Shack 100% Pure Grade A Maple Syrup,£4.20,https://www.ocado.com/products/maple-shack-100-pure-grade-a-maple-syrup-513760011,/productImages/513/513760011_0_150x150.jpg?identifier=0b40d7fac229be21d70b5412683dcc91
Joe & Seph's Vegan Chocolate Caramel Sauce,£4.60,https://www.ocado.com/products/joe-seph-s-vegan-chocolate-caramel-sauce-558508011,/productImages/558/558508011_0_150x150.jpg?identifier=c73d8206dd5e7f8d298dece9257d9424
Biona Organic Worcester Sauce,£4.10,https://www.ocado.com/products/biona-organic-worcester-sauce-202047011,/productImages/202/202047011_0_150x150.jpg?identifier=24042b3d7a82a5de65e17d5991dc591d
Deliciously Ella Fruity Bircher Muesli,£3.95,https://www.ocado.com/products/deliciously-ella-fruity-bircher-muesli-380620011,/productImages/380/380620011_0_150x150.jpg?identifier=ee833bace944af9dbc39abe7d70f77ef
Naturya Organic Breakfast Boost Cacao Crunch,£5,https://www.ocado.com/products/naturya-organic-breakfast-boost-cacao-crunch-326949011,/productImages/326/326949011_0_150x150.jpg?identifier=744a50b6544b94308f353bd0391abb2e
Clearspring Organic Umami Paste with Ginger,£5,https://www.ocado.com/products/clearspring-organic-umami-paste-with-ginger-347095011,/productImages/347/347095011_0_150x150.jpg?identifier=0456780c3f982cf535c5f5b9495e98df
Hellmann's Vegan Bacon Mayonnaise,£2.60,https://www.ocado.com/products/hellmann-s-vegan-bacon-mayonnaise-544807011,/productImages/544/544807011_0_150x150.jpg?identifier=4b0a665e2094d64ad7ac681e63557999
The Vurger Co Cheezy Vegan Sauce,£3.75,https://www.ocado.com/products/the-vurger-co-cheezy-vegan-sauce-569308011,/productImages/569/569308011_0_150x150.jpg?identifier=a32ae91b0f87d7c15e74166e1755c511
Cadbury Plant Chocolate Bar,£2.50,https://www.ocado.com/products/cadbury-plant-chocolate-bar-572528011,/productImages/572/572528011_0_150x150.jpg?identifier=8ddb6e322bc25b9c24e61d2e41022bb9
Lotus Biscoff Spread Smooth,£2.70,https://www.ocado.com/products/lotus-biscoff-spread-smooth-82874011,/productImages/828/82874011_0_150x150.jpg?identifier=59ad5fb8918f6ee3a4a3c300b33410de
BFree Demi Baguettes,£3,https://www.ocado.com/products/bfree-demi-baguettes-543711011,/productImages/543/543711011_0_150x150.jpg?identifier=0420f9883a0880f43eda7d17e7e3d7a9
Forest Bounty 100% Sour Cherry Fruit Spread,£3.75,https://www.ocado.com/products/forest-bounty-100-sour-cherry-fruit-spread-508742011,/productImages/508/508742011_0_150x150.jpg?identifier=ef724e1bb597da157640e4580962fb77
Sacla' Free From Tomato Pesto,£2.80,https://www.ocado.com/products/sacla-free-from-tomato-pesto-236307011,/productImages/236/236307011_0_150x150.jpg?identifier=cdca3ec8f91b771f810df5a7079d76cc
Deliciously Ella Nutty Granola,£3.80,https://www.ocado.com/products/deliciously-ella-nutty-granola-380621011,/productImages/380/380621011_0_150x150.jpg?identifier=5727e236be297c3085179dd501508ea6
Good4U Immune Milled Seed Breakfast Boost,£5,https://www.ocado.com/products/good4u-immune-milled-seed-breakfast-boost-556329011,/productImages/556/556329011_0_150x150.jpg?identifier=e5b9667c64ef12e6254fddb2cbe64725
Bendicks Mint Fondants,£5,https://www.ocado.com/products/bendicks-mint-fondants-551379011,/productImages/551/551379011_0_150x150.jpg?identifier=96a751b9d25a92e3f236243a6a054e5c
Mr Organic Passata,£2.70,https://www.ocado.com/products/mr-organic-passata-73546011,/productImages/735/73546011_0_150x150.jpg?identifier=d7565b0541ef6b4d87462255e28a0131
Rhythm 108 Swiss Vegan Hazelnut…,£3.30,https://www.ocado.com/products/rhythm-108-swiss-vegan-hazelnut-chocolate-chip-share-bag-582024011,/productImages/582/582024011_0_150x150.jpg?identifier=bd49759ab6491a98fe54c6e3db7101b8
Two Birds Cereals Date & Coconut Su…,£6,https://www.ocado.com/products/two-birds-cereals-date-coconut-super-seeds-breakfast-topper-468404011,/productImages/468/468404011_0_150x150.jpg?identifier=d3870c5094202e2141fb2f8395ab202c
Le Conserve Della Nonna Vegan…,£2.55,https://www.ocado.com/products/le-conserve-della-nonna-vegan-porcini-mushroom-sauce-409113011,/productImages/409/409113011_0_150x150.jpg?identifier=f6f2878daccf224b3b802107e8f9050b
Marmite Chilli Dynamite Yeast Extract Spread,£4.50,https://www.ocado.com/products/marmite-chilli-dynamite-yeast-extract-spread-565738011,/productImages/565/565738011_0_150x150.jpg?identifier=e6fc91bee68bc021d3c35294553bd023
Harvey Nichols Saucy Pickled Gherkin Relish,£5.95,https://www.ocado.com/products/harvey-nichols-saucy-pickled-gherkin-relish-539518011,/productImages/539/539518011_0_150x150.jpg?identifier=cf3f360b19de79e15e5bb6adcfb27dae
Cadbury Plant Salted Caramel Chocolate Bar,£2.50,https://www.ocado.com/products/cadbury-plant-salted-caramel-chocolate-bar-572529011,/productImages/572/572529011_0_150x150.jpg?identifier=ef07cbc0ab2e4ff0934ca7dd54f25689
Perkier Salted Caramel & Dark Chocolate Bar,£2.70,https://www.ocado.com/products/perkier-salted-caramel-dark-chocolate-bar-569349011,/productImages/569/569349011_0_150x150.jpg?identifier=ac63d87f97acafbb656c865ae7fa6a1e
Garofalo Fusilli Tricolore Dry Pasta,£2.75,https://www.ocado.com/products/garofalo-fusilli-tricolore-dry-pasta-247650011,/productImages/247/247650011_0_150x150.jpg?identifier=bf45665d57d93c50dd26582fa1fd37e9
Buttermilk Plant Powered Vegan Dairy Free C…,£3,https://www.ocado.com/products/buttermilk-plant-powered-vegan-dairy-free-chocolate-peanut-butter-crunch-560232011,/productImages/560/560232011_0_150x150.jpg?identifier=5147597a0902c343ea768736e308a77c
Garofalo Fusilli Pasta,£2.50,https://www.ocado.com/products/garofalo-fusilli-pasta-50436011,/productImages/504/50436011_0_150x150.jpg?identifier=b90e74cbf9a88c71dc5e5ebc25fcf8e8
Bay's Kitchen Mild Korma Low Fodmap Stir-in Sauce,£3.95,https://www.ocado.com/products/bay-s-kitchen-mild-korma-low-fodmap-stir-in-sauce-498741011,/productImages/498/498741011_0_150x150.jpg?identifier=84795e8364cd7045d1c0e4e71090758b
Bio Orto Organic Kale Pesto,£5.50,https://www.ocado.com/products/bio-orto-organic-kale-pesto-529663011,/productImages/529/529663011_0_150x150.jpg?identifier=2120e617a0d414d2eb9722b46d831d26
Clearspring Organic Japanese Whit…,£2.75,https://www.ocado.com/products/clearspring-organic-japanese-white-miso-instant-soup-paste-260157011,/productImages/260/260157011_0_150x150.jpg?identifier=12f2928e3de53d1858188388feda05e1
Fitzgeralds Sourdough Sliced Bagels,£2,https://www.ocado.com/products/fitzgeralds-sourdough-sliced-bagels-479546011,/productImages/479/479546011_0_150x150.jpg?identifier=c1648a8e95a6338c4972f449b00feffd
Yumello Crunchy Salted Date Peanut Butter,£3.90,https://www.ocado.com/products/yumello-crunchy-salted-date-peanut-butter-488418011,/productImages/488/488418011_0_150x150.jpg?identifier=f08ffdb75f7969384ea1d0e961ff676c
Cooks & Co Hearts of Palm,£3.15,https://www.ocado.com/products/cooks-co-hearts-of-palm-61909011,/productImages/619/61909011_0_150x150.jpg?identifier=7bd3ec6a92b339eca26b364550551f29
Bio Orto Organic Ortolana (Vegetable) Pasta Sauce,£5.50,https://www.ocado.com/products/bio-orto-organic-ortolana-vegetable-pasta-sauce-469176011,/productImages/469/469176011_0_150x150.jpg?identifier=5e3496fe0dc395499f06a1a9fc46780c
Marigold Engevita Nutritional Yeast Flakes,£3.60,https://www.ocado.com/products/marigold-engevita-nutritional-yeast-flakes-71135011,/productImages/711/71135011_0_150x150.jpg?identifier=ea8ea086be41b0f5a42e3c18cc39a25a
Naturya Organic Breakfast Boost Seed Crunch,£5,https://www.ocado.com/products/naturya-organic-breakfast-boost-seed-crunch-326948011,/productImages/326/326948011_0_150x150.jpg?identifier=250b6a1afe122b9c1e5e3f3e61450f4e
Hellmann's Vegan Garlic Mayonnaise,£2.60,https://www.ocado.com/products/hellmann-s-vegan-garlic-mayonnaise-544806011,/productImages/544/544806011_0_150x150.jpg?identifier=3db35840de704a7bf3e97227d93841d0
Mr Organic Tomato Ketchup,£3.45,https://www.ocado.com/products/mr-organic-tomato-ketchup-73558011,/productImages/735/73558011_0_150x150.jpg?identifier=984f641b568cc1515ebc016ebe9efabb
Mr Organic Bolognese Pasta Sauce,£2.95,https://www.ocado.com/products/mr-organic-bolognese-pasta-sauce-73541011,/productImages/735/73541011_0_150x150.jpg?identifier=3d89d1c1e5556a5e26d780e00ef62a62
Mr Organic Dairy Free Parmigiana Sauce,£3,https://www.ocado.com/products/mr-organic-dairy-free-parmigiana-sauce-508817011,/productImages/508/508817011_0_150x150.jpg?identifier=3b7dbef315c13adab3dc2fa5db7e6f52
Clearspring Organic Umami Paste with Chilli,£5.05,https://www.ocado.com/products/clearspring-organic-umami-paste-with-chilli-347096011,/productImages/347/347096011_0_150x150.jpg?identifier=ad9f460311200fd1f3fea3edf124983c
Mr Organic Whole Wheat Fusilli,£2.65,https://www.ocado.com/products/mr-organic-whole-wheat-fusilli-73534011,/productImages/735/73534011_0_150x150.jpg?identifier=07cc0f9d7f717247d2f4f99cc37363e5
Zest Coriander & Basil Pesto for Vegan,£3,https://www.ocado.com/products/zest-coriander-basil-pesto-for-vegan-83946011,/productImages/839/83946011_0_150x150.jpg?identifier=510373519fe261886178eea7bb7d4850
Zest Pesto Suitable for Vegan,£3,https://www.ocado.com/products/zest-pesto-suitable-for-vegan-83951011,/productImages/839/83951011_0_150x150.jpg?identifier=4928b0b5ef42a07e724b477f4080a7ba
"Redferns organic superfood sweet potato, bu…",£3.15,https://www.ocado.com/products/redferns-organic-superfood-sweet-potato-buckwheat-hemp-multigrain-chips-554527011,/productImages/554/554527011_0_150x150.jpg?identifier=59c1b54a5e4c60c35edbb9a7d3edbb68
M&S Plant Kitchen Cherry Bakewell Cookies,£2,https://www.ocado.com/products/m-s-plant-kitchen-cherry-bakewell-cookies-573335011,/productImages/573/573335011_0_150x150.jpg?identifier=3017c3b543afd1a57072b12da06d2240
Garofalo Pappardelle Pasta,£2.75,https://www.ocado.com/products/garofalo-pappardelle-pasta-50443011,/productImages/504/50443011_0_150x150.jpg?identifier=92f750863bc6e0c7a248ba73b02a057e
Mr Organic Classic Grissini Breadsticks,£3.10,https://www.ocado.com/products/mr-organic-classic-grissini-breadsticks-375984011,/productImages/375/375984011_0_150x150.jpg?identifier=6a57b973655e075b139f3db689ee4e2b
Tick Tock Organic Rooibos Tea Bags,£3.90,https://www.ocado.com/products/tick-tock-organic-rooibos-tea-bags-29841011,/productImages/298/29841011_0_150x150.jpg?identifier=f2d1a0082c61fe836f81eb24487a3bfe
Heinz Beanz No Added Sugar Snap Pot,£3,https://www.ocado.com/products/heinz-beanz-no-added-sugar-snap-pot-365940011,/productImages/365/365940011_0_150x150.jpg?identifier=996ea926ac7ac92830c063b4147381b1
Eaten Alive Raw Kimchi Fermented Hot Sauce,£4,https://www.ocado.com/products/eaten-alive-raw-kimchi-fermented-hot-sauce-570338011,/productImages/570/570338011_0_150x150.jpg?identifier=51d89e7faec263bbcd19eeba71d8ff14
Merchant Gourmet Lentil Chilli,£3.50,https://www.ocado.com/products/merchant-gourmet-lentil-chilli-566620011,/productImages/566/566620011_0_150x150.jpg?identifier=e9a2c5db9c08d3a7663acc478da8f4c6
Sweet Freedom Choc Shot,£3.50,https://www.ocado.com/products/sweet-freedom-choc-shot-200050011,/productImages/200/200050011_0_150x150.jpg?identifier=9654e33b999cbc2838b2173dc56e9eda
"Zest Tomato, Mushroom & Green Pepper Pasta Sauce",£2.65,https://www.ocado.com/products/zest-tomato-mushroom-green-pepper-pasta-sauce-84555011,/productImages/845/84555011_0_150x150.jpg?identifier=ae5ecca223d6292b01f76c644ba400c7
Spoon Cereals Apple + Almond Butter Granola,£4,https://www.ocado.com/products/spoon-cereals-apple-almond-butter-granola-523136011,/productImages/523/523136011_0_150x150.jpg?identifier=003a249978d485f669a356e4d54dd313
Spoon Cereals Cinnamon + Pecan Granola,£4,https://www.ocado.com/products/spoon-cereals-cinnamon-pecan-granola-296469011,/productImages/296/296469011_0_150x150.jpg?identifier=770ab0411866e0a0db55ec4c204ac65d
Mr Organic Seitan Crushed Chilli &Tomato Pasta Sauce,£3,https://www.ocado.com/products/mr-organic-seitan-crushed-chilli-tomato-pasta-sauce-232726011,/productImages/232/232726011_0_150x150.jpg?identifier=91c4f83d0e418395c680c65cf53795d2
Buttermilk Plant Powered Vegan Chocolate Peanutsters,£3,https://www.ocado.com/products/buttermilk-plant-powered-vegan-chocolate-peanutsters-560228011,/productImages/560/560228011_0_150x150.jpg?identifier=da7b08ac0c0016f97f682746d7eaf67d
Mr Organic Whole Wheat Tagliatelle,£2.65,https://www.ocado.com/products/mr-organic-whole-wheat-tagliatelle-73532011,/productImages/735/73532011_0_150x150.jpg?identifier=9ca6bbdbde97df54bd905ff9c2ff809a
Marigold Organic Vegan Bouillon Powder Reduced Salt,£2.50,https://www.ocado.com/products/marigold-organic-vegan-bouillon-powder-reduced-salt-71138011,/productImages/711/71138011_0_150x150.jpg?identifier=eb940621128a876eda1a27f09bec7161
Mr Organic Orange Biscuits with Cocoa Beans,£2.95,https://www.ocado.com/products/mr-organic-orange-biscuits-with-cocoa-beans-450757011,/productImages/450/450757011_0_150x150.jpg?identifier=522844101d557039b258caa49ee62a81
Pizza Express Vegan House Light Dressing,£2.30,https://www.ocado.com/products/pizza-express-vegan-house-light-dressing-479251011,/productImages/479/479251011_0_150x150.jpg?identifier=4186fb13a4d9908c5dbaa631006cad41
Blanco Nino Chilli & Lime White Corn Tortilla Chips,£3.50,https://www.ocado.com/products/blanco-nino-chilli-lime-white-corn-tortilla-chips-557006011,/productImages/557/557006011_0_150x150.jpg?identifier=96ea2a7ae95f069cee290f24982bd25b
The Vurger Co Spicy Cheezy Vegan Sauce,£3.75,https://www.ocado.com/products/the-vurger-co-spicy-cheezy-vegan-sauce-569309011,/productImages/569/569309011_0_150x150.jpg?identifier=e69a59b49adc6a064cf04ab8d8c49502
Fitzgeralds 6 Multiseed & Cereal Sliced Bagel Thins,£2,https://www.ocado.com/products/fitzgeralds-6-multiseed-cereal-sliced-bagel-thins-479545011,/productImages/479/479545011_0_150x150.jpg?identifier=090dc71ea167f1ad7ce1cb65a226dcec
Huel Ready To Drink Banana,£3.50,https://www.ocado.com/products/huel-ready-to-drink-banana-557002011,/productImages/557/557002011_0_150x150.jpg?identifier=f00875013384a8378455493f0bc2af5c
Purdey's Natural Energy Refocus Dark Fruits,£3.70,https://www.ocado.com/products/purdey-s-natural-energy-refocus-dark-fruits-547326011,/productImages/547/547326011_0_150x150.jpg?identifier=bf4ec5debd258a007f3fe1fc4781fb97
Merchant Gourmet Chestnuts & Grains,£2.20,https://www.ocado.com/products/merchant-gourmet-chestnuts-grains-568985011,/productImages/568/568985011_0_150x150.jpg?identifier=7bab60ab9382ac7db7ebd9bfbe769f1e
Cheeky Monkey Organic Peanut Butter Puffs,£2.30,https://www.ocado.com/products/cheeky-monkey-organic-peanut-butter-puffs-372577011,/productImages/372/372577011_0_150x150.jpg?identifier=daacbd24c95bfbd471a1c88a124ae15d
Yumello Smooth Almond Butter,£4.80,https://www.ocado.com/products/yumello-smooth-almond-butter-488419011,/productImages/488/488419011_0_150x150.jpg?identifier=3f26d481bca8138d5b434593e5ac926f
Pulsin Peanut Choc Chip Vegan Hig…,£2.50,https://www.ocado.com/products/pulsin-peanut-choc-chip-vegan-high-fibre-brownie-multipack-562295011,/productImages/562/562295011_0_150x150.jpg?identifier=1f3529a587158ad735500710635e85cd
Mr Organic Fusilli,£2.65,https://www.ocado.com/products/mr-organic-fusilli-73536011,/productImages/735/73536011_0_150x150.jpg?identifier=c53f2fb94388b07366d51eea07757094
Ciemme La Gnoccheria Gluten Free Gnocchi,£1.95,https://www.ocado.com/products/ciemme-la-gnoccheria-gluten-free-gnocchi-498704011,/productImages/498/498704011_0_150x150.jpg?identifier=a9f7960816153c8a46d76f3f4121fab5
BOSH! Banging Brownie Mix,£3.10,https://www.ocado.com/products/bosh-banging-brownie-mix-523392011,/productImages/523/523392011_0_150x150.jpg?identifier=423643ebbf900268cadf6ca6ac0a5dd8
Pret Classic Granola,£3.60,https://www.ocado.com/products/pret-classic-granola-565525011,/productImages/565/565525011_0_150x150.jpg?identifier=fa0b758de946c200ec6e46a3361ee7ff
Garofalo Macaroni Pasta,£2.50,https://www.ocado.com/products/garofalo-macaroni-pasta-327322011,/productImages/327/327322011_0_150x150.jpg?identifier=7289ca5a9bb4878236ef3f8020e5f36e
Lovepickle Chilli Tomato Pickle Mild,£3.50,https://www.ocado.com/products/lovepickle-chilli-tomato-pickle-mild-507360011,/productImages/507/507360011_0_150x150.jpg?identifier=cb4b867aa78ed6e3177d55d94aaa87ee
Garofalo Capellini Angel Hair Pasta,£2.50,https://www.ocado.com/products/garofalo-capellini-angel-hair-pasta-59589011,/productImages/595/59589011_0_150x150.jpg?identifier=eea42cf5bf6e4dfb769bcd7e38076bcc
Mr Organic Italian Carnaroli Rice,£4.25,https://www.ocado.com/products/mr-organic-italian-carnaroli-rice-533715011,/productImages/533/533715011_0_150x150.jpg?identifier=566095275de986dfeefde0e620ecf6da
BFree Stone Baked Wholegrain Pitta Bread,£2.75,https://www.ocado.com/products/bfree-stone-baked-wholegrain-pitta-bread-526927011,/productImages/526/526927011_0_150x150.jpg?identifier=0f9e448fb4283e5b8692ab9052b3083e
Mr Organic Naturally Sweetened Italian Ketchup,£3.45,https://www.ocado.com/products/mr-organic-naturally-sweetened-italian-ketchup-376969011,/productImages/376/376969011_0_150x150.jpg?identifier=20b2b9649e54b766a7cdb99b3381ae22
Garofalo Cannelloni,£2.75,https://www.ocado.com/products/garofalo-cannelloni-99475011,/productImages/994/99475011_0_150x150.jpg?identifier=19ebf8073cd1bf3575002181af87e0e8
Eat Natural Low Sugar Granola Wholegr…,£3.40,https://www.ocado.com/products/eat-natural-low-sugar-granola-wholegrain-oats-almonds-and-seeds-447569011,/productImages/447/447569011_0_150x150.jpg?identifier=8b0acc1d0f20b8c421c4a5460358aaec
The Vurger Co Original Vegan Mayo,£2.95,https://www.ocado.com/products/the-vurger-co-original-vegan-mayo-569307011,/productImages/569/569307011_0_150x150.jpg?identifier=57feb26bad254eb943ec16e5928b12cb
Steviasweet,£4,https://www.ocado.com/products/steviasweet-380986011,/productImages/380/380986011_0_150x150.jpg?identifier=266f8a2ff7c706d1b071d6b945cfe4c3
Fitzgeralds Poppy Seeded Sliced Bagels,£2,https://www.ocado.com/products/fitzgeralds-poppy-seeded-sliced-bagels-479551011,/productImages/479/479551011_0_150x150.jpg?identifier=c5411556737d71f44579b02064c8f944
